ID,Target
1D_0005,0
1D_000A,0
1D_000D,0
1D_000E,0
1D_0015,0
1D_001C,0
1D_0022,0
1D_0024,0
1D_0026,0
1D_002C,0
1D_002E,0
1D_002F,0
1D_0032,0
1D_0036,0
1D_0039,0
1D_003A,0
1D_003F,0
1D_0041,0
1D_0042,0
1D_0051,0
1D_0053,0
1D_0054,0
1D_0058,0
1D_0060,0
1D_0064,0
1D_0069,0
1D_006B,0
1D_006F,0
1D_0074,0
1D_0079,0
1D_007C,0
1D_007D,0
1D_007F,0
1D_0081,0
1D_0085,0
1D_0086,0
1D_0088,0
1D_0094,0
1D_0096,0
1D_0098,0
1D_009A,0
1D_00A3,0
1D_00A4,0
1D_00A7,0
1D_00AC,0
1D_00AD,0
1D_00AF,0
1D_00B0,0
1D_00B2,0
1D_00B3,0
1D_00B4,0
1D_00B8,0
1D_00BF,0
1D_00C1,0
1D_00C3,0
1D_00C7,0
1D_00CA,0
1D_00D4,0
1D_00DC,0
1D_00DE,0
1D_00DF,0
1D_00E2,0
1D_00E3,0
1D_00E4,0
1D_00E6,0
1D_00E7,0
1D_00F1,0
1D_00F3,0
1D_00F5,0
1D_00F6,0
1D_00FA,0
1D_00FB,0
1D_00FF,0
1D_0101,0
1D_0102,0
1D_0103,0
1D_0106,0
1D_010B,0
1D_010F,0
1D_0111,0
1D_0118,0
1D_0119,0
1D_011B,0
1D_0120,0
1D_0128,0
1D_012C,0
1D_012D,0
1D_012E,0
1D_0135,0
1D_0136,0
1D_0139,0
1D_013C,0
1D_014E,0
1D_014F,0
1D_0151,0
1D_0157,0
1D_0161,0
1D_0162,0
1D_0166,0
1D_0167,0
1D_0168,0
1D_0169,0
1D_016A,0
1D_016B,0
1D_016C,0
1D_017B,0
1D_017D,0
1D_017F,0
1D_0180,0
1D_0186,0
1D_0187,0
1D_0188,0
1D_018E,0
1D_0193,0
1D_0199,0
1D_019A,0
1D_01A1,0
1D_01A5,0
1D_01A9,0
1D_01AA,0
1D_01AF,0
1D_01B0,0
1D_01B2,0
1D_01B3,0
1D_01B5,0
1D_01B6,0
1D_01B8,0
1D_01B9,0
1D_01BB,0
1D_01BC,0
1D_01C2,0
1D_01C5,0
1D_01C9,0
1D_01CA,0
1D_01CC,0
1D_01CE,0
1D_01DB,0
1D_01DE,0
1D_01E1,0
1D_01E4,0
1D_01EA,0
1D_01EE,0
1D_01F0,0
1D_01F2,0
1D_01F3,0
1D_01F6,0
1D_01F7,0
1D_01F8,0
1D_01F9,0
1D_01FD,0
1D_0202,0
1D_0203,0
1D_0208,0
1D_020B,0
1D_020D,0
1D_020F,0
1D_0211,0
1D_0214,0
1D_0215,0
1D_0217,0
1D_0219,0
1D_021B,0
1D_021C,0
1D_021D,0
1D_0221,0
1D_0227,0
1D_022B,0
1D_0234,0
1D_0236,0
1D_0238,0
1D_0239,0
1D_023A,0
1D_023B,0
1D_023C,0
1D_0241,0
1D_0246,0
1D_024A,0
1D_0250,0
1D_0253,0
1D_0256,0
1D_025A,0
1D_025B,0
1D_025C,0
1D_025E,0
1D_0263,0
1D_0264,0
1D_0265,0
1D_0266,0
1D_026C,0
1D_026D,0
1D_026E,0
1D_026F,0
1D_0271,0
1D_0276,0
1D_0277,0
1D_0278,0
1D_0281,0
1D_0282,0
1D_0286,0
1D_028C,0
1D_028E,0
1D_0292,0
1D_0294,0
1D_0295,0
1D_0299,0
1D_029D,0
1D_029F,0
1D_02A4,0
1D_02A5,0
1D_02A7,0
1D_02A8,0
1D_02AC,0
1D_02B7,0
1D_02BB,0
1D_02C0,0
1D_02C2,0
1D_02C4,0
1D_02C5,0
1D_02D7,0
1D_02D9,0
1D_02DA,0
1D_02DB,0
1D_02E0,0
1D_02E3,0
1D_02E4,0
1D_02E7,0
1D_02E8,0
1D_02F0,0
1D_02F1,0
1D_02F2,0
1D_02F5,0
1D_02F7,0
1D_0301,0
1D_0302,0
1D_0303,0
1D_0304,0
1D_0307,0
1D_0308,0
1D_0309,0
1D_030C,0
1D_030E,0
1D_030F,0
1D_0311,0
1D_0312,0
1D_0315,0
1D_0316,0
1D_0317,0
1D_0318,0
1D_0319,0
1D_031D,0
1D_031F,0
1D_0320,0
1D_0327,0
1D_0328,0
1D_032D,0
1D_0332,0
1D_0333,0
1D_0334,0
1D_0337,0
1D_0338,0
1D_0339,0
1D_033B,0
1D_033D,0
1D_0347,0
1D_0348,0
1D_0353,0
1D_0354,0
1D_035B,0
1D_035C,0
1D_0363,0
1D_0365,0
1D_0366,0
1D_0368,0
1D_036D,0
1D_036E,0
1D_036F,0
1D_0378,0
1D_0383,0
1D_0385,0
1D_0386,0
1D_038A,0
1D_038E,0
1D_0391,0
1D_0392,0
1D_0395,0
1D_0398,0
1D_039D,0
1D_03A0,0
1D_03AA,0
1D_03AF,0
1D_03B1,0
1D_03B5,0
1D_03B9,0
1D_03C0,0
1D_03C1,0
1D_03C2,0
1D_03C7,0
1D_03CD,0
1D_03D0,0
1D_03D1,0
1D_03DA,0
1D_03DC,0
1D_03DF,0
1D_03E0,0
1D_03E1,0
1D_03E4,0
1D_03E6,0
1D_03E8,0
1D_03EB,0
1D_03EC,0
1D_03ED,0
1D_03F1,0
1D_03F2,0
1D_03F5,0
1D_03F8,0
1D_03FB,0
1D_03FC,0
1D_0404,0
1D_0405,0
1D_0407,0
1D_0409,0
1D_0414,0
1D_0416,0
1D_0418,0
1D_0420,0
1D_0423,0
1D_0427,0
1D_042A,0
1D_042B,0
1D_042C,0
1D_042D,0
1D_0434,0
1D_0436,0
1D_0437,0
1D_0438,0
1D_043B,0
1D_0442,0
1D_0444,0
1D_0445,0
1D_0446,0
1D_0447,0
1D_0448,0
1D_044A,0
1D_044B,0
1D_044D,0
1D_0451,0
1D_0455,0
1D_0458,0
1D_045E,0
1D_045F,0
1D_0460,0
1D_0466,0
1D_0467,0
1D_046C,0
1D_046E,0
1D_0472,0
1D_0479,0
1D_0482,0
1D_0486,0
1D_0490,0
1D_0494,0
1D_0496,0
1D_049A,0
1D_049D,0
1D_04A2,0
1D_04AC,0
1D_04AD,0
1D_04B0,0
1D_04B7,0
1D_04B9,0
1D_04BA,0
1D_04BB,0
1D_04BC,0
1D_04C3,0
1D_04C7,0
1D_04CA,0
1D_04CB,0
1D_04CC,0
1D_04CE,0
1D_04D1,0
1D_04D4,0
1D_04D7,0
1D_04DC,0
1D_04DF,0
1D_04E0,0
1D_04E1,0
1D_04E2,0
1D_04E5,0
1D_04E8,0
1D_04E9,0
1D_04EB,0
1D_04F0,0
1D_04F4,0
1D_04F5,0
1D_04F8,0
1D_04FC,0
1D_0500,0
1D_0501,0
1D_0504,0
1D_0507,0
1D_050E,0
1D_0512,0
1D_0518,0
1D_0519,0
1D_051B,0
1D_051C,0
1D_051D,0
1D_0522,0
1D_0524,0
1D_052C,0
1D_0534,0
1D_0535,0
1D_0537,0
1D_0542,0
1D_0543,0
1D_0546,0
1D_054E,0
1D_054F,0
1D_0550,0
1D_0551,0
1D_0558,0
1D_0559,0
1D_055B,0
1D_055C,0
1D_055E,0
1D_056C,0
1D_056D,0
1D_0573,0
1D_0576,0
1D_0579,0
1D_057C,0
1D_057D,0
1D_057F,0
1D_0580,0
1D_0586,0
1D_0588,0
1D_058C,0
1D_0594,0
1D_0598,0
1D_059B,0
1D_059C,0
1D_059D,0
1D_059E,0
1D_059F,0
1D_05A1,0
1D_05A6,0
1D_05A7,0
1D_05AA,0
1D_05AB,0
1D_05AC,0
1D_05AD,0
1D_05B4,0
1D_05B5,0
1D_05BA,0
1D_05BB,0
1D_05BC,0
1D_05BD,0
1D_05C0,0
1D_05C1,0
1D_05C5,0
1D_05CD,0
1D_05D5,0
1D_05D7,0
1D_05D9,0
1D_05DB,0
1D_05DE,0
1D_05E1,0
1D_05E3,0
1D_05E5,0
1D_05E6,0
1D_05EC,0
1D_05F0,0
1D_05F9,0
1D_05FB,0
1D_05FF,0
1D_0600,0
1D_0604,0
1D_0607,0
1D_060C,0
1D_060D,0
1D_060E,0
1D_0611,0
1D_0614,0
1D_0615,0
1D_0617,0
1D_0618,0
1D_0619,0
1D_061C,0
1D_0630,0
1D_0635,0
1D_0639,0
1D_063B,0
1D_063C,0
1D_0643,0
1D_0644,0
1D_0646,0
1D_0648,0
1D_0649,0
1D_064B,0
1D_064C,0
1D_064F,0
1D_0652,0
1D_0653,0
1D_065A,0
1D_065B,0
1D_065E,0
1D_0662,0
1D_0664,0
1D_0666,0
1D_066D,0
1D_0674,0
1D_0677,0
1D_067A,0
1D_0680,0
1D_0683,0
1D_0688,0
1D_068C,0
1D_0692,0
1D_0693,0
1D_0695,0
1D_069E,0
1D_06A3,0
1D_06A8,0
1D_06B6,0
1D_06B7,0
1D_06BB,0
1D_06BC,0
1D_06BF,0
1D_06C4,0
1D_06CF,0
1D_06D0,0
1D_06D3,0
1D_06D4,0
1D_06DA,0
1D_06DB,0
1D_06E0,0
1D_06E2,0
1D_06E4,0
1D_06E5,0
1D_06EB,0
1D_06F4,0
1D_06FA,0
1D_06FD,0
1D_0701,0
1D_0702,0
1D_0703,0
1D_0709,0
1D_0711,0
1D_0713,0
1D_0719,0
1D_071A,0
1D_071B,0
1D_071E,0
1D_0721,0
1D_0723,0
1D_0724,0
1D_0725,0
1D_072A,0
1D_072D,0
1D_0732,0
1D_0735,0
1D_073A,0
1D_073B,0
1D_0740,0
1D_0742,0
1D_0746,0
1D_0749,0
1D_074C,0
1D_074F,0
1D_0751,0
1D_0753,0
1D_0757,0
1D_0758,0
1D_075D,0
1D_0760,0
1D_0761,0
1D_0763,0
1D_0764,0
1D_0768,0
1D_076B,0
1D_076C,0
1D_0776,0
1D_077F,0
1D_0780,0
1D_078B,0
1D_078D,0
1D_078E,0
1D_0791,0
1D_0793,0
1D_0794,0
1D_0797,0
1D_0798,0
1D_079A,0
1D_079D,0
1D_079E,0
1D_079F,0
1D_07A3,0
1D_07A8,0
1D_07A9,0
1D_07AD,0
1D_07B3,0
1D_07BA,0
1D_07BD,0
1D_07C3,0
1D_07C5,0
1D_07CC,0
1D_07CD,0
1D_07CE,0
1D_07D1,0
1D_07D2,0
1D_07D5,0
1D_07D9,0
1D_07DA,0
1D_07DF,0
1D_07E0,0
1D_07E5,0
1D_07E6,0
1D_07E7,0
1D_07E9,0
1D_07ED,0
1D_07EE,0
1D_07FB,0
1D_07FD,0
1D_07FE,0
1D_0808,0
1D_080A,0
1D_080D,0
1D_080E,0
1D_080F,0
1D_0810,0
1D_0811,0
1D_0812,0
1D_081D,0
1D_081F,0
1D_0821,0
1D_0828,0
1D_0829,0
1D_082F,0
1D_0830,0
1D_0831,0
1D_0833,0
1D_0834,0
1D_083D,0
1D_0841,0
1D_084A,0
1D_084B,0
1D_084C,0
1D_0856,0
1D_0858,0
1D_0860,0
1D_0861,0
1D_0862,0
1D_0864,0
1D_0867,0
1D_0870,0
1D_0872,0
1D_0873,0
1D_0876,0
1D_0878,0
1D_087A,0
1D_087B,0
1D_0882,0
1D_0883,0
1D_0888,0
1D_0889,0
1D_088C,0
1D_088E,0
1D_0890,0
1D_089D,0
1D_08A0,0
1D_08AA,0
1D_08AF,0
1D_08B5,0
1D_08B6,0
1D_08B9,0
1D_08BE,0
1D_08C1,0
1D_08C4,0
1D_08C5,0
1D_08C9,0
1D_08CB,0
1D_08CE,0
1D_08CF,0
1D_08D7,0
1D_08DF,0
1D_08E0,0
1D_08E1,0
1D_08EC,0
1D_08EE,0
1D_08F1,0
1D_08F3,0
1D_08F5,0
1D_08FF,0
1D_0904,0
1D_0907,0
1D_0908,0
1D_090B,0
1D_090C,0
1D_090D,0
1D_0915,0
1D_0916,0
1D_0919,0
1D_091A,0
1D_091F,0
1D_0920,0
1D_0926,0
1D_0928,0
1D_092A,0
1D_092C,0
1D_0933,0
1D_0934,0
1D_0936,0
1D_0937,0
1D_0938,0
1D_093D,0
1D_093E,0
1D_0945,0
1D_0946,0
1D_094A,0
1D_094B,0
1D_094F,0
1D_0950,0
1D_0953,0
1D_0957,0
1D_095F,0
1D_096C,0
1D_096D,0
1D_096E,0
1D_0973,0
1D_0975,0
1D_0976,0
1D_0978,0
1D_097B,0
1D_097D,0
1D_097F,0
1D_0983,0
1D_0989,0
1D_098A,0
1D_098D,0
1D_098E,0
1D_0990,0
1D_0993,0
1D_099B,0
1D_099C,0
1D_09A1,0
1D_09A2,0
1D_09A7,0
1D_09AA,0
1D_09B4,0
1D_09B5,0
1D_09B6,0
1D_09B7,0
1D_09BA,0
1D_09BC,0
1D_09BE,0
1D_09BF,0
1D_09C0,0
1D_09C4,0
1D_09C7,0
1D_09CB,0
1D_09CC,0
1D_09CE,0
1D_09D8,0
1D_09DA,0
1D_09E5,0
1D_09E6,0
1D_09EC,0
1D_09ED,0
1D_09EE,0
1D_09F2,0
1D_09F3,0
1D_09F4,0
1D_09F5,0
1D_09FB,0
1D_09FD,0
1D_09FE,0
1D_0A05,0
1D_0A06,0
1D_0A10,0
1D_0A11,0
1D_0A13,0
1D_0A14,0
1D_0A15,0
1D_0A17,0
1D_0A18,0
1D_0A1E,0
1D_0A1F,0
1D_0A20,0
1D_0A21,0
1D_0A22,0
1D_0A24,0
1D_0A2B,0
1D_0A2D,0
1D_0A30,0
1D_0A33,0
1D_0A35,0
1D_0A36,0
1D_0A38,0
1D_0A3A,0
1D_0A3C,0
1D_0A43,0
1D_0A4B,0
1D_0A4E,0
1D_0A4F,0
1D_0A54,0
1D_0A5C,0
1D_0A65,0
1D_0A69,0
1D_0A6E,0
1D_0A73,0
1D_0A76,0
1D_0A7C,0
1D_0A80,0
1D_0A86,0
1D_0A87,0
1D_0A88,0
1D_0A89,0
1D_0A8C,0
1D_0A8E,0
1D_0A8F,0
1D_0A90,0
1D_0A99,0
1D_0A9B,0
1D_0AA0,0
1D_0AA8,0
1D_0AAD,0
1D_0AAE,0
1D_0AAF,0
1D_0AB1,0
1D_0AB3,0
1D_0AB4,0
1D_0AB5,0
1D_0AB9,0
1D_0ABD,0
1D_0ABE,0
1D_0AC0,0
1D_0AC1,0
1D_0ACC,0
1D_0AD0,0
1D_0AD2,0
1D_0AD3,0
1D_0AD4,0
1D_0AD5,0
1D_0ADA,0
1D_0ADD,0
1D_0AE1,0
1D_0AEA,0
1D_0AEC,0
1D_0AED,0
1D_0AEF,0
1D_0AF3,0
1D_0AF4,0
1D_0AF5,0
1D_0B07,0
1D_0B0E,0
1D_0B0F,0
1D_0B10,0
1D_0B16,0
1D_0B1A,0
1D_0B1B,0
1D_0B20,0
1D_0B25,0
1D_0B26,0
1D_0B29,0
1D_0B30,0
1D_0B37,0
1D_0B39,0
1D_0B3B,0
1D_0B3E,0
1D_0B41,0
1D_0B45,0
1D_0B4D,0
1D_0B4F,0
1D_0B51,0
1D_0B54,0
1D_0B65,0
1D_0B67,0
1D_0B68,0
1D_0B6B,0
1D_0B70,0
1D_0B7B,0
1D_0B87,0
1D_0B8A,0
1D_0B8D,0
1D_0B8E,0
1D_0B90,0
1D_0B91,0
1D_0B92,0
1D_0B94,0
1D_0B96,0
1D_0B99,0
1D_0B9C,0
1D_0BA1,0
1D_0BA4,0
1D_0BA6,0
1D_0BA9,0
1D_0BAF,0
1D_0BB2,0
1D_0BB4,0
1D_0BB8,0
1D_0BBA,0
1D_0BBE,0
1D_0BC3,0
1D_0BC6,0
1D_0BC8,0
1D_0BDD,0
1D_0BDE,0
1D_0BE1,0
1D_0BE6,0
1D_0BE7,0
1D_0BEB,0
1D_0BEE,0
1D_0BF4,0
1D_0C00,0
1D_0C04,0
1D_0C06,0
1D_0C12,0
1D_0C16,0
1D_0C1A,0
1D_0C1B,0
1D_0C1C,0
1D_0C1F,0
1D_0C20,0
1D_0C21,0
1D_0C22,0
1D_0C29,0
1D_0C2B,0
1D_0C2D,0
1D_0C2E,0
1D_0C32,0
1D_0C33,0
1D_0C34,0
1D_0C41,0
1D_0C43,0
1D_0C46,0
1D_0C49,0
1D_0C4A,0
1D_0C4B,0
1D_0C4E,0
1D_0C50,0
1D_0C55,0
1D_0C57,0
1D_0C59,0
1D_0C61,0
1D_0C62,0
1D_0C65,0
1D_0C66,0
1D_0C67,0
1D_0C68,0
1D_0C6A,0
1D_0C6E,0
1D_0C79,0
1D_0C7A,0
1D_0C7C,0
1D_0C7F,0
1D_0C81,0
1D_0C82,0
1D_0C83,0
1D_0C86,0
1D_0C87,0
1D_0C8C,0
1D_0C8E,0
1D_0C90,0
1D_0C92,0
1D_0C93,0
1D_0C95,0
1D_0C99,0
1D_0C9A,0
1D_0C9B,0
1D_0C9C,0
1D_0C9F,0
1D_0CA0,0
1D_0CA1,0
1D_0CA5,0
1D_0CA8,0
1D_0CAB,0
1D_0CAC,0
1D_0CB2,0
1D_0CB3,0
1D_0CB4,0
1D_0CB5,0
1D_0CB9,0
1D_0CBC,0
1D_0CBF,0
1D_0CC1,0
1D_0CC2,0
1D_0CC4,0
1D_0CC5,0
1D_0CC6,0
1D_0CC7,0
1D_0CC9,0
1D_0CCE,0
1D_0CCF,0
1D_0CD3,0
1D_0CD4,0
1D_0CDC,0
1D_0CDD,0
1D_0CDF,0
1D_0CE0,0
1D_0CE2,0
1D_0CE6,0
1D_0CE8,0
1D_0CED,0
1D_0CEE,0
1D_0CEF,0
1D_0CF5,0
1D_0CF9,0
1D_0CFA,0
1D_0CFC,0
1D_0CFD,0
1D_0D00,0
1D_0D01,0
1D_0D04,0
1D_0D0C,0
1D_0D0F,0
1D_0D12,0
1D_0D15,0
1D_0D16,0
1D_0D1D,0
1D_0D1E,0
1D_0D25,0
1D_0D2C,0
1D_0D31,0
1D_0D32,0
1D_0D33,0
1D_0D37,0
1D_0D3B,0
1D_0D3D,0
1D_0D3E,0
1D_0D3F,0
1D_0D41,0
1D_0D45,0
1D_0D47,0
1D_0D4B,0
1D_0D4C,0
1D_0D4D,0
1D_0D50,0
1D_0D52,0
1D_0D55,0
1D_0D5E,0
1D_0D60,0
1D_0D64,0
1D_0D65,0
1D_0D6A,0
1D_0D6C,0
1D_0D6E,0
1D_0D70,0
1D_0D76,0
1D_0D78,0
1D_0D7E,0
1D_0D7F,0
1D_0D81,0
1D_0D82,0
1D_0D84,0
1D_0D8D,0
1D_0D99,0
1D_0D9D,0
1D_0DA1,0
1D_0DA3,0
1D_0DAB,0
1D_0DAD,0
1D_0DAF,0
1D_0DB1,0
1D_0DB3,0
1D_0DB5,0
1D_0DBC,0
1D_0DBD,0
1D_0DC3,0
1D_0DC4,0
1D_0DC9,0
1D_0DCA,0
1D_0DCC,0
1D_0DCD,0
1D_0DD1,0
1D_0DD2,0
1D_0DD3,0
1D_0DDB,0
1D_0DDE,0
1D_0DE1,0
1D_0DE5,0
1D_0DE6,0
1D_0DE7,0
1D_0DEA,0
1D_0DEB,0
1D_0DED,0
1D_0DF1,0
1D_0DFB,0
1D_0DFF,0
1D_0E00,0
1D_0E02,0
1D_0E04,0
1D_0E07,0
1D_0E0B,0
1D_0E0F,0
1D_0E10,0
1D_0E11,0
1D_0E12,0
1D_0E1A,0
1D_0E22,0
1D_0E24,0
1D_0E25,0
1D_0E2A,0
1D_0E2B,0
1D_0E2E,0
1D_0E2F,0
1D_0E39,0
1D_0E3A,0
1D_0E3E,0
1D_0E3F,0
1D_0E40,0
1D_0E43,0
1D_0E46,0
1D_0E48,0
1D_0E55,0
1D_0E68,0
1D_0E6A,0
1D_0E78,0
1D_0E7D,0
1D_0E7E,0
1D_0E80,0
1D_0E81,0
1D_0E84,0
1D_0E86,0
1D_0E87,0
1D_0E88,0
1D_0E8D,0
1D_0E92,0
1D_0E93,0
1D_0E97,0
1D_0E9B,0
1D_0E9C,0
1D_0EA1,0
1D_0EA2,0
1D_0EA9,0
1D_0EAC,0
1D_0EAD,0
1D_0EB0,0
1D_0EB5,0
1D_0EB8,0
1D_0EB9,0
1D_0EC1,0
1D_0EC2,0
1D_0EC3,0
1D_0EC5,0
1D_0EC6,0
1D_0ECC,0
1D_0ED1,0
1D_0ED3,0
1D_0ED7,0
1D_0ED9,0
1D_0EDE,0
1D_0EE2,0
1D_0EE4,0
1D_0EEB,0
1D_0EED,0
1D_0EEF,0
1D_0EF4,0
1D_0EF5,0
1D_0EF8,0
1D_0EFD,0
1D_0EFF,0
1D_0F05,0
1D_0F09,0
1D_0F0A,0
1D_0F0F,0
1D_0F17,0
1D_0F1D,0
1D_0F21,0
1D_0F2C,0
1D_0F2D,0
1D_0F2E,0
1D_0F2F,0
1D_0F3A,0
1D_0F3E,0
1D_0F3F,0
1D_0F41,0
1D_0F48,0
1D_0F4D,0
1D_0F51,0
1D_0F52,0
1D_0F53,0
1D_0F55,0
1D_0F59,0
1D_0F67,0
1D_0F68,0
1D_0F6B,0
1D_0F6D,0
1D_0F70,0
1D_0F73,0
1D_0F75,0
1D_0F76,0
1D_0F78,0
1D_0F81,0
1D_0F83,0
1D_0F84,0
1D_0F89,0
1D_0F8D,0
1D_0F91,0
1D_0F92,0
1D_0F95,0
1D_0F98,0
1D_0F9A,0
1D_0F9B,0
1D_0F9D,0
1D_0F9E,0
1D_0FA0,0
1D_0FA1,0
1D_0FA2,0
1D_0FA5,0
1D_0FA8,0
1D_0FAA,0
1D_0FAE,0
1D_0FB0,0
1D_0FB6,0
1D_0FB9,0
1D_0FBF,0
1D_0FC0,0
1D_0FC1,0
1D_0FC2,0
1D_0FC3,0
1D_0FD0,0
1D_0FD1,0
1D_0FD4,0
1D_0FDC,0
1D_0FDE,0
1D_0FE4,0
1D_0FE8,0
1D_0FEC,0
1D_0FF5,0
1D_0FFC,0
1D_0FFE,0
1D_1002,0
1D_1003,0
1D_1004,0
1D_100B,0
1D_100F,0
1D_1017,0
1D_101B,0
1D_101C,0
1D_101E,0
1D_1023,0
1D_1027,0
1D_102A,0
1D_102D,0
1D_1031,0
1D_1034,0
1D_1037,0
1D_1038,0
1D_1039,0
1D_103B,0
1D_103E,0
1D_1043,0
1D_1045,0
1D_1047,0
1D_1049,0
1D_104A,0
1D_104F,0
1D_1051,0
1D_1052,0
1D_105B,0
1D_105C,0
1D_1060,0
1D_1061,0
1D_1062,0
1D_1063,0
1D_1065,0
1D_1066,0
1D_1067,0
1D_106C,0
1D_1072,0
1D_1078,0
1D_107D,0
1D_107F,0
1D_1084,0
1D_1085,0
1D_1089,0
1D_108C,0
1D_108D,0
1D_1093,0
1D_1095,0
1D_109B,0
1D_10A4,0
1D_10A8,0
1D_10AA,0
1D_10AD,0
1D_10B1,0
1D_10B2,0
1D_10B5,0
1D_10B7,0
1D_10B9,0
1D_10BA,0
1D_10BE,0
1D_10BF,0
1D_10CA,0
1D_10D3,0
1D_10D5,0
1D_10D6,0
1D_10D7,0
1D_10D9,0
1D_10DB,0
1D_10DC,0
1D_10DD,0
1D_10DE,0
1D_10E4,0
1D_10E5,0
1D_10F0,0
1D_10F1,0
1D_10F2,0
1D_10F3,0
1D_10F5,0
1D_10F8,0
1D_10FD,0
1D_10FF,0
1D_1101,0
1D_1102,0
1D_1106,0
1D_1108,0
1D_110A,0
1D_110E,0
1D_1111,0
1D_1116,0
1D_111E,0
1D_1125,0
1D_1128,0
1D_112F,0
1D_113A,0
1D_1141,0
1D_1144,0
1D_1146,0
1D_1147,0
1D_1148,0
1D_114B,0
1D_114C,0
1D_114F,0
1D_1153,0
1D_115E,0
1D_115F,0
1D_1161,0
1D_1164,0
1D_1168,0
1D_116D,0
1D_1170,0
1D_1173,0
1D_1178,0
1D_117D,0
1D_1181,0
1D_1184,0
1D_1186,0
1D_1191,0
1D_1197,0
1D_1198,0
1D_119A,0
1D_119B,0
1D_119C,0
1D_119D,0
1D_11A1,0
1D_11A4,0
1D_11A6,0
1D_11A8,0
1D_11AC,0
1D_11AE,0
1D_11B5,0
1D_11B6,0
1D_11B7,0
1D_11B9,0
1D_11BC,0
1D_11BF,0
1D_11C2,0
1D_11C5,0
1D_11C9,0
1D_11CE,0
1D_11CF,0
1D_11D0,0
1D_11D1,0
1D_11D2,0
1D_11D6,0
1D_11D7,0
1D_11D9,0
1D_11DA,0
1D_11DC,0
1D_11DD,0
1D_11DE,0
1D_11E0,0
1D_11E1,0
1D_11EC,0
1D_11F3,0
1D_11F7,0
1D_11F9,0
1D_11FF,0
1D_1200,0
1D_1201,0
1D_120A,0
1D_120C,0
1D_120F,0
1D_1218,0
1D_121C,0
1D_1220,0
1D_1221,0
1D_1228,0
1D_122B,0
1D_122E,0
1D_1230,0
1D_1231,0
1D_1235,0
1D_123B,0
1D_1241,0
1D_1248,0
1D_124C,0
1D_1250,0
1D_1251,0
1D_1254,0
1D_1255,0
1D_1258,0
1D_125A,0
1D_125B,0
1D_125C,0
1D_125E,0
1D_125F,0
1D_1261,0
1D_1263,0
1D_126B,0
1D_1271,0
1D_127C,0
1D_127D,0
1D_127E,0
1D_1287,0
1D_128B,0
1D_128C,0
1D_128D,0
1D_128E,0
1D_1294,0
1D_1295,0
1D_1296,0
1D_1298,0
1D_129C,0
1D_129F,0
1D_12A2,0
1D_12A3,0
1D_12A5,0
1D_12AB,0
1D_12AD,0
1D_12AF,0
1D_12B4,0
1D_12B8,0
1D_12BA,0
1D_12BB,0
1D_12BF,0
1D_12C1,0
1D_12C3,0
1D_12C9,0
1D_12CA,0
1D_12CE,0
1D_12D0,0
1D_12D2,0
1D_12D4,0
1D_12D5,0
1D_12D8,0
1D_12DC,0
1D_12DE,0
1D_12E0,0
1D_12E4,0
1D_12E8,0
1D_12E9,0
1D_12EA,0
1D_12F0,0
1D_12F9,0
1D_12FB,0
1D_12FC,0
1D_12FE,0
1D_1303,0
1D_1304,0
1D_1305,0
1D_130B,0
1D_130D,0
1D_1312,0
1D_1315,0
1D_1316,0
1D_131E,0
1D_1326,0
1D_1327,0
1D_1328,0
1D_132A,0
1D_132B,0
1D_132C,0
1D_132E,0
1D_133E,0
1D_1348,0
1D_1349,0
1D_134A,0
1D_134C,0
1D_134D,0
1D_134E,0
1D_1351,0
1D_1354,0
1D_1356,0
1D_1359,0
1D_135D,0
1D_135E,0
1D_1361,0
1D_1362,0
1D_1367,0
1D_136D,0
1D_1371,0
1D_137A,0
1D_137B,0
1D_137C,0
1D_137F,0
1D_1382,0
1D_1383,0
1D_1384,0
1D_1386,0
1D_138F,0
1D_1390,0
1D_1391,0
1D_1397,0
1D_1399,0
1D_139A,0
1D_139B,0
1D_139D,0
1D_139E,0
1D_13A1,0
1D_13A2,0
1D_13A8,0
1D_13A9,0
1D_13AA,0
1D_13AF,0
1D_13B0,0
1D_13B3,0
1D_13B6,0
1D_13B8,0
1D_13BB,0
1D_13BD,0
1D_13C0,0
1D_13C7,0
1D_13CB,0
1D_13CC,0
1D_13CD,0
1D_13CE,0
1D_13CF,0
1D_13D6,0
1D_13DA,0
1D_13DC,0
1D_13DF,0
1D_13E4,0
1D_13E7,0
1D_13EC,0
1D_13ED,0
1D_13EF,0
1D_13F0,0
1D_13F3,0
1D_13F6,0
1D_13FD,0
1D_13FE,0
1D_13FF,0
1D_1408,0
1D_140E,0
1D_1410,0
1D_1411,0
1D_1414,0
1D_1418,0
1D_141C,0
1D_141F,0
1D_1421,0
1D_1427,0
1D_1429,0
1D_1430,0
1D_1436,0
1D_143A,0
1D_144C,0
1D_144D,0
1D_1453,0
1D_1454,0
1D_1458,0
1D_1459,0
1D_145B,0
1D_145D,0
1D_1464,0
1D_1467,0
1D_146B,0
1D_146C,0
1D_1470,0
1D_1471,0
1D_1478,0
1D_1480,0
1D_1483,0
1D_1487,0
1D_148B,0
1D_1490,0
1D_1491,0
1D_149B,0
1D_149E,0
1D_14A4,0
1D_14A7,0
1D_14AD,0
1D_14B3,0
1D_14B4,0
1D_14B6,0
1D_14B7,0
1D_14BB,0
1D_14BF,0
1D_14C3,0
1D_14C8,0
1D_14D0,0
1D_14D1,0
1D_14D3,0
1D_14DD,0
1D_14E2,0
1D_14E3,0
1D_14E8,0
1D_14ED,0
1D_14F6,0
1D_14FD,0
1D_14FE,0
1D_14FF,0
1D_1501,0
1D_1503,0
1D_1504,0
1D_1505,0
1D_1506,0
1D_1509,0
1D_150B,0
1D_1511,0
1D_1515,0
1D_1516,0
1D_1519,0
1D_151A,0
1D_151F,0
1D_1526,0
1D_1527,0
1D_152A,0
1D_1530,0
1D_153A,0
1D_153B,0
1D_153C,0
1D_1547,0
1D_1548,0
1D_1549,0
1D_154A,0
1D_154D,0
1D_1550,0
1D_1551,0
1D_1553,0
1D_155E,0
1D_1564,0
1D_1565,0
1D_156B,0
1D_156D,0
1D_156E,0
1D_156F,0
1D_1572,0
1D_1574,0
1D_1575,0
1D_157A,0
1D_157C,0
1D_1580,0
1D_1587,0
1D_1588,0
1D_158F,0
1D_1590,0
1D_1598,0
1D_159B,0
1D_159E,0
1D_15A0,0
1D_15A1,0
1D_15A8,0
1D_15AA,0
1D_15AD,0
1D_15AE,0
1D_15AF,0
1D_15B1,0
1D_15B2,0
1D_15B7,0
1D_15BF,0
1D_15C1,0
1D_15C3,0
1D_15C6,0
1D_15CA,0
1D_15CC,0
1D_15CF,0
1D_15D0,0
1D_15D5,0
1D_15DC,0
1D_15E0,0
1D_15E3,0
1D_15E7,0
1D_15EC,0
1D_15F1,0
1D_15F7,0
1D_15FC,0
1D_15FD,0
1D_15FE,0
1D_1600,0
1D_1601,0
1D_1602,0
1D_1603,0
1D_1604,0
1D_160A,0
1D_160C,0
1D_1612,0
1D_1615,0
1D_161A,0
1D_1621,0
1D_1624,0
1D_1629,0
1D_162A,0
1D_162B,0
1D_162E,0
1D_1630,0
1D_1632,0
1D_1637,0
1D_163A,0
1D_163B,0
1D_1640,0
1D_1641,0
1D_1644,0
1D_1647,0
1D_164A,0
1D_1651,0
1D_1653,0
1D_1654,0
1D_1656,0
1D_1659,0
1D_165B,0
1D_165C,0
1D_165E,0
1D_165F,0
1D_1660,0
1D_166E,0
1D_1670,0
1D_1671,0
1D_1672,0
1D_1674,0
1D_1677,0
1D_167A,0
1D_167C,0
1D_167F,0
1D_1681,0
1D_1685,0
1D_1687,0
1D_1689,0
1D_168A,0
1D_168C,0
1D_168D,0
1D_1691,0
1D_1693,0
1D_1695,0
1D_1696,0
1D_1698,0
1D_169C,0
1D_169E,0
1D_16A0,0
1D_16AB,0
1D_16AD,0
1D_16AE,0
1D_16B0,0
1D_16B1,0
1D_16B6,0
1D_16B7,0
1D_16BB,0
1D_16C2,0
1D_16C5,0
1D_16CB,0
1D_16CE,0
1D_16D9,0
1D_16DD,0
1D_16E4,0
1D_16EA,0
1D_16EC,0
1D_16F3,0
1D_16FA,0
1D_16FB,0
1D_16FC,0
1D_1700,0
1D_1704,0
1D_1705,0
1D_1706,0
1D_1709,0
1D_170B,0
1D_170C,0
1D_170E,0
1D_1711,0
1D_1713,0
1D_1715,0
1D_1717,0
1D_171C,0
1D_1722,0
1D_1725,0
1D_172E,0
1D_1730,0
1D_1733,0
1D_1736,0
1D_1738,0
1D_1739,0
1D_173E,0
1D_1742,0
1D_1745,0
1D_1746,0
1D_1748,0
1D_174A,0
1D_174B,0
1D_1752,0
1D_1755,0
1D_1757,0
1D_175A,0
1D_175B,0
1D_175C,0
1D_175D,0
1D_175F,0
1D_1766,0
1D_1769,0
1D_176C,0
1D_176D,0
1D_1773,0
1D_1775,0
1D_177D,0
1D_177E,0
1D_1781,0
1D_1785,0
1D_178A,0
1D_178C,0
1D_178F,0
1D_1792,0
1D_1793,0
1D_17B6,0
1D_17B7,0
1D_17B8,0
1D_17BC,0
1D_17C3,0
1D_17C8,0
1D_17C9,0
1D_17CB,0
1D_17CC,0
1D_17CD,0
1D_17CE,0
1D_17D0,0
1D_17D5,0
1D_17D7,0
1D_17E3,0
1D_17E4,0
1D_17EA,0
1D_17ED,0
1D_17EF,0
1D_17F0,0
1D_17F4,0
1D_17FB,0
1D_17FD,0
1D_17FE,0
1D_1804,0
1D_1806,0
1D_1809,0
1D_180A,0
1D_180D,0
1D_1813,0
1D_1816,0
1D_181B,0
1D_181E,0
1D_181F,0
1D_1821,0
1D_1823,0
1D_1825,0
1D_1826,0
1D_1828,0
1D_182A,0
1D_182B,0
1D_182D,0
1D_182F,0
1D_1831,0
1D_1833,0
1D_1834,0
1D_183A,0
1D_183B,0
1D_183C,0
1D_183E,0
1D_1843,0
1D_1845,0
1D_1846,0
1D_1847,0
1D_1848,0
1D_1849,0
1D_184F,0
1D_1853,0
1D_1857,0
1D_1859,0
1D_185C,0
1D_185D,0
1D_1863,0
1D_1865,0
1D_1868,0
1D_186B,0
1D_186F,0
1D_1870,0
1D_1876,0
1D_1878,0
1D_1882,0
1D_1883,0
1D_1884,0
1D_1887,0
1D_1888,0
1D_188B,0
1D_188C,0
1D_188D,0
1D_1893,0
1D_1896,0
1D_189C,0
1D_189E,0
1D_18A2,0
1D_18A6,0
1D_18A7,0
1D_18A8,0
1D_18AD,0
1D_18B0,0
1D_18B7,0
1D_18BB,0
1D_18BD,0
1D_18BE,0
1D_18C3,0
1D_18C6,0
1D_18C7,0
1D_18CE,0
1D_18D1,0
1D_18D2,0
1D_18D4,0
1D_18D7,0
1D_18DB,0
1D_18DF,0
1D_18E4,0
1D_18E6,0
1D_18ED,0
1D_18F0,0
1D_18F3,0
1D_18F4,0
1D_18F5,0
1D_18FB,0
1D_18FD,0
1D_1901,0
1D_1902,0
1D_1906,0
1D_1907,0
1D_1909,0
1D_190A,0
1D_190E,0
1D_1912,0
1D_191A,0
1D_191B,0
1D_191D,0
1D_191E,0
1D_191F,0
1D_1921,0
1D_1923,0
1D_1924,0
1D_1926,0
1D_192C,0
1D_1934,0
1D_1936,0
1D_1937,0
1D_1938,0
1D_193B,0
1D_193C,0
1D_1942,0
1D_1943,0
1D_1948,0
1D_1949,0
1D_194A,0
1D_194B,0
1D_194D,0
1D_194E,0
1D_1950,0
1D_1956,0
1D_1958,0
1D_1959,0
1D_1966,0
1D_1968,0
1D_196E,0
1D_196F,0
1D_1970,0
1D_1971,0
1D_1973,0
1D_1977,0
1D_197B,0
1D_197C,0
1D_197F,0
1D_1980,0
1D_1984,0
1D_1985,0
1D_1987,0
1D_1988,0
1D_1990,0
1D_1992,0
1D_199A,0
1D_199C,0
1D_199E,0
1D_199F,0
1D_19A0,0
1D_19A1,0
1D_19A4,0
1D_19A5,0
1D_19A8,0
1D_19AB,0
1D_19AD,0
1D_19AF,0
1D_19B0,0
1D_19B1,0
1D_19B3,0
1D_19B4,0
1D_19B6,0
1D_19B9,0
1D_19BC,0
1D_19BE,0
1D_19C5,0
1D_19C6,0
1D_19C9,0
1D_19CD,0
1D_19D3,0
1D_19D7,0
1D_19E2,0
1D_19E3,0
1D_19E4,0
1D_19E7,0
1D_19E8,0
1D_19EB,0
1D_19EC,0
1D_19ED,0
1D_19F2,0
1D_19F4,0
1D_19F9,0
1D_19FA,0
1D_19FC,0
1D_1A02,0
1D_1A06,0
1D_1A09,0
1D_1A0C,0
1D_1A10,0
1D_1A12,0
1D_1A15,0
1D_1A18,0
1D_1A1C,0
1D_1A1E,0
1D_1A1F,0
1D_1A22,0
1D_1A2A,0
1D_1A31,0
1D_1A32,0
1D_1A33,0
1D_1A34,0
1D_1A35,0
1D_1A3C,0
1D_1A49,0
1D_1A4A,0
1D_1A4E,0
1D_1A4F,0
1D_1A51,0
1D_1A57,0
1D_1A58,0
1D_1A59,0
1D_1A5B,0
1D_1A5D,0
1D_1A5E,0
1D_1A60,0
1D_1A67,0
1D_1A6D,0
1D_1A72,0
1D_1A75,0
1D_1A7B,0
1D_1A80,0
1D_1A88,0
1D_1A8B,0
1D_1A8F,0
1D_1A96,0
1D_1A9E,0
1D_1A9F,0
1D_1AA3,0
1D_1AA4,0
1D_1AAB,0
1D_1AAC,0
1D_1AAD,0
1D_1AB0,0
1D_1AB2,0
1D_1AB3,0
1D_1AB6,0
1D_1AB7,0
1D_1AB9,0
1D_1ABB,0
1D_1ABC,0
1D_1ABE,0
1D_1AC0,0
1D_1AC1,0
1D_1AC3,0
1D_1AC8,0
1D_1AC9,0
1D_1AD0,0
1D_1AD8,0
1D_1AD9,0
1D_1ADC,0
1D_1AE5,0
1D_1AEB,0
1D_1AF0,0
1D_1AF7,0
1D_1B04,0
1D_1B09,0
1D_1B0C,0
1D_1B0D,0
1D_1B0E,0
1D_1B11,0
1D_1B12,0
1D_1B15,0
1D_1B16,0
1D_1B1B,0
1D_1B1E,0
1D_1B20,0
1D_1B22,0
1D_1B23,0
1D_1B26,0
1D_1B2A,0
1D_1B30,0
1D_1B35,0
1D_1B3A,0
1D_1B48,0
1D_1B49,0
1D_1B4C,0
1D_1B51,0
1D_1B52,0
1D_1B57,0
1D_1B5B,0
1D_1B5F,0
1D_1B61,0
1D_1B65,0
1D_1B68,0
1D_1B6A,0
1D_1B6D,0
1D_1B6F,0
1D_1B7D,0
1D_1B7F,0
1D_1B80,0
1D_1B81,0
1D_1B84,0
1D_1B87,0
1D_1B8C,0
1D_1B8F,0
1D_1B92,0
1D_1B94,0
1D_1B96,0
1D_1B98,0
1D_1B99,0
1D_1B9A,0
1D_1B9C,0
1D_1BA1,0
1D_1BA3,0
1D_1BA9,0
1D_1BB4,0
1D_1BB6,0
1D_1BB7,0
1D_1BBB,0
1D_1BBF,0
1D_1BC0,0
1D_1BC3,0
1D_1BC6,0
1D_1BD1,0
1D_1BD3,0
1D_1BD7,0
1D_1BDB,0
1D_1BDC,0
1D_1BDE,0
1D_1BE3,0
1D_1BE4,0
1D_1BED,0
1D_1BF8,0
1D_1BFE,0
1D_1BFF,0
1D_1C02,0
1D_1C06,0
1D_1C07,0
1D_1C0B,0
1D_1C0C,0
1D_1C0E,0
1D_1C10,0
1D_1C11,0
1D_1C14,0
1D_1C16,0
1D_1C17,0
1D_1C18,0
1D_1C19,0
1D_1C1B,0
1D_1C1D,0
1D_1C1F,0
1D_1C20,0
1D_1C22,0
1D_1C27,0
1D_1C28,0
1D_1C2B,0
1D_1C2C,0
1D_1C2D,0
1D_1C31,0
1D_1C37,0
1D_1C3D,0
1D_1C3E,0
1D_1C44,0
1D_1C46,0
1D_1C49,0
1D_1C4A,0
1D_1C53,0
1D_1C5A,0
1D_1C5B,0
1D_1C5D,0
1D_1C5E,0
1D_1C60,0
1D_1C61,0
1D_1C62,0
1D_1C65,0
1D_1C66,0
1D_1C6C,0
1D_1C6D,0
1D_1C6E,0
1D_1C70,0
1D_1C72,0
1D_1C73,0
1D_1C74,0
1D_1C76,0
1D_1C77,0
1D_1C7A,0
1D_1C80,0
1D_1C84,0
1D_1C87,0
1D_1C8F,0
1D_1C92,0
1D_1C94,0
1D_1C95,0
1D_1C9B,0
1D_1C9E,0
1D_1CA5,0
1D_1CA8,0
1D_1CA9,0
1D_1CAC,0
1D_1CB2,0
1D_1CB5,0
1D_1CBA,0
1D_1CBD,0
1D_1CC0,0
1D_1CC1,0
1D_1CD2,0
1D_1CD4,0
1D_1CD6,0
1D_1CDA,0
1D_1CDB,0
1D_1CDD,0
1D_1CE2,0
1D_1CED,0
1D_1CF1,0
1D_1CF4,0
1D_1CF6,0
1D_1CF7,0
1D_1CF8,0
1D_1CFD,0
1D_1CFE,0
1D_1D02,0
1D_1D03,0
1D_1D04,0
1D_1D09,0
1D_1D0A,0
1D_1D0E,0
1D_1D11,0
1D_1D12,0
1D_1D17,0
1D_1D1D,0
1D_1D24,0
1D_1D26,0
1D_1D27,0
1D_1D2E,0
1D_1D2F,0
1D_1D31,0
1D_1D33,0
1D_1D35,0
1D_1D3A,0
1D_1D3F,0
1D_1D42,0
1D_1D45,0
1D_1D47,0
1D_1D49,0
1D_1D4E,0
1D_1D4F,0
1D_1D51,0
1D_1D53,0
1D_1D59,0
1D_1D5C,0
1D_1D5D,0
1D_1D5F,0
1D_1D60,0
1D_1D68,0
1D_1D69,0
1D_1D6B,0
1D_1D6D,0
1D_1D6E,0
1D_1D6F,0
1D_1D72,0
1D_1D73,0
1D_1D77,0
1D_1D79,0
1D_1D7D,0
1D_1D7E,0
1D_1D85,0
1D_1D89,0
1D_1D8D,0
1D_1D8F,0
1D_1D98,0
1D_1D9B,0
1D_1D9E,0
1D_1DA3,0
1D_1DA6,0
1D_1DA7,0
1D_1DAA,0
1D_1DB0,0
1D_1DB5,0
1D_1DB9,0
1D_1DC0,0
1D_1DC1,0
1D_1DC8,0
1D_1DC9,0
1D_1DCA,0
1D_1DCF,0
1D_1DD5,0
1D_1DD9,0
1D_1DDB,0
1D_1DDC,0
1D_1DDD,0
1D_1DDF,0
1D_1DE5,0
1D_1DEF,0
1D_1DF1,0
1D_1DF8,0
1D_1DFB,0
1D_1DFC,0
1D_1DFE,0
1D_1E05,0
1D_1E06,0
1D_1E0B,0
1D_1E0C,0
1D_1E0E,0
1D_1E12,0
1D_1E14,0
1D_1E1E,0
1D_1E1F,0
1D_1E24,0
1D_1E2A,0
1D_1E30,0
1D_1E33,0
1D_1E34,0
1D_1E35,0
1D_1E3A,0
1D_1E4C,0
1D_1E4F,0
1D_1E50,0
1D_1E54,0
1D_1E57,0
1D_1E58,0
1D_1E5A,0
1D_1E5F,0
1D_1E60,0
1D_1E61,0
1D_1E62,0
1D_1E64,0
1D_1E65,0
1D_1E6A,0
1D_1E6E,0
1D_1E6F,0
1D_1E70,0
1D_1E75,0
1D_1E7D,0
1D_1E7E,0
1D_1E7F,0
1D_1E88,0
1D_1E8D,0
1D_1E8E,0
1D_1E94,0
1D_1E97,0
1D_1E98,0
1D_1E9D,0
1D_1EA2,0
1D_1EA4,0
1D_1EAB,0
1D_1EAC,0
1D_1EAF,0
1D_1EB0,0
1D_1EB2,0
1D_1EB6,0
1D_1EB7,0
1D_1EBB,0
1D_1EC1,0
1D_1EC7,0
1D_1ECC,0
1D_1ECE,0
1D_1ED1,0
1D_1ED4,0
1D_1ED9,0
1D_1EDC,0
1D_1EE0,0
1D_1EE1,0
1D_1EE9,0
1D_1EEA,0
1D_1EF2,0
1D_1EF3,0
1D_1EF4,0
1D_1EF5,0
1D_1EF6,0
1D_1EF7,0
1D_1EFA,0
1D_1EFB,0
1D_1F02,0
1D_1F04,0
1D_1F05,0
1D_1F0A,0
1D_1F0C,0
1D_1F0E,0
1D_1F11,0
1D_1F14,0
1D_1F21,0
1D_1F22,0
1D_1F23,0
1D_1F26,0
1D_1F29,0
1D_1F2A,0
1D_1F33,0
1D_1F36,0
1D_1F3A,0
1D_1F3E,0
1D_1F3F,0
1D_1F44,0
1D_1F48,0
1D_1F4A,0
1D_1F4E,0
1D_1F52,0
1D_1F53,0
1D_1F55,0
1D_1F57,0
1D_1F58,0
1D_1F5A,0
1D_1F5C,0
1D_1F5E,0
1D_1F60,0
1D_1F61,0
1D_1F62,0
1D_1F65,0
1D_1F71,0
1D_1F74,0
1D_1F78,0
1D_1F7B,0
1D_1F7F,0
1D_1F88,0
1D_1F8A,0
1D_1F8F,0
1D_1F94,0
1D_1F98,0
1D_1F99,0
1D_1FA0,0
1D_1FA4,0
1D_1FA5,0
1D_1FA7,0
1D_1FAE,0
1D_1FB5,0
1D_1FB7,0
1D_1FB8,0
1D_1FB9,0
1D_1FC3,0
1D_1FC6,0
1D_1FC8,0
1D_1FC9,0
1D_1FCF,0
1D_1FD4,0
1D_1FD7,0
1D_1FDB,2
1D_1FE0,2
1D_1FE5,2
1D_1FE7,2
1D_1FE9,2
1D_1FEA,2
1D_1FEB,2
1D_1FEC,2
1D_1FEE,2
1D_1FEF,2
1D_2006,2
1D_2007,2
1D_2009,2
1D_200A,2
1D_200B,2
1D_2010,2
1D_2014,2
1D_2017,2
1D_2019,2
1D_201C,2
1D_201F,2
1D_2020,2
1D_2023,2
1D_2028,2
1D_2029,2
1D_202B,2
1D_2033,2
1D_2036,2
1D_203C,2
1D_203D,2
1D_2041,2
1D_2045,2
1D_2047,2
1D_204B,2
1D_2050,2
1D_2055,2
1D_2056,2
1D_205A,2
1D_205F,2
1D_2067,2
1D_2068,2
1D_206A,2
1D_206C,2
1D_206F,2
1D_2073,2
1D_207A,2
1D_2081,2
1D_2083,2
1D_2085,2
1D_2086,2
1D_2087,2
1D_208A,2
1D_2097,2
1D_2099,2
1D_209A,2
1D_209C,2
1D_209D,2
1D_20A0,2
1D_20A3,2
1D_20A4,2
1D_20A5,2
1D_20AA,2
1D_20B1,2
1D_20B3,2
1D_20B7,2
1D_20B9,2
1D_20BA,2
1D_20BF,2
1D_20C1,2
1D_20C5,2
1D_20C9,2
1D_20D0,2
1D_20D7,2
1D_20D8,2
1D_20D9,2
1D_20DF,2
1D_20E2,2
1D_20E3,2
1D_20E5,2
1D_20E6,2
1D_20EA,2
1D_20EC,2
1D_20F1,2
1D_20F3,2
1D_20F5,2
1D_20F7,2
1D_20F8,2
1D_2101,2
1D_210A,2
1D_210B,2
1D_210D,2
1D_210F,2
1D_2110,2
1D_2111,2
1D_211A,2
1D_211C,2
1D_211F,2
1D_2120,2
1D_2124,2
1D_2128,2
1D_212B,2
1D_212D,2
1D_2130,2
1D_2136,2
1D_2137,2
1D_2142,2
1D_2143,2
1D_2146,2
1D_214A,2
1D_214B,2
1D_214E,2
1D_2152,2
1D_2153,2
1D_2156,2
1D_2157,2
1D_215F,2
1D_2163,2
1D_2166,2
1D_2168,2
1D_216D,2
1D_216F,2
1D_2179,2
1D_217E,2
1D_2182,2
1D_2187,2
1D_2189,2
1D_218A,2
1D_218D,2
1D_2191,2
1D_2192,2
1D_21A5,2
1D_21A6,2
1D_21AE,2
1D_21B6,2
1D_21B8,2
1D_21BA,2
1D_21BE,2
1D_21BF,2
1D_21C2,2
1D_21C9,2
1D_21CF,2
1D_21D0,2
1D_21DC,2
1D_21E2,2
1D_21E5,2
1D_21EB,2
1D_21F8,2
1D_2202,2
1D_2203,2
1D_2204,2
1D_2205,2
1D_2206,2
1D_2209,2
1D_2215,2
1D_2216,2
1D_2218,2
1D_221B,2
1D_221E,2
1D_221F,2
1D_2220,2
1D_2223,2
1D_2226,2
1D_2228,2
1D_222F,2
1D_2234,2
1D_2235,2
1D_2236,2
1D_2239,2
1D_223B,2
1D_223D,2
1D_2247,2
1D_2248,2
1D_2249,2
1D_224B,2
1D_224C,2
1D_2250,2
1D_2256,2
1D_225C,2
1D_2262,2
1D_2267,2
1D_226E,2
1D_2271,2
1D_2273,2
1D_2274,2
1D_2277,2
1D_227B,2
1D_2281,2
1D_2283,2
1D_2284,2
1D_2287,2
1D_2289,2
1D_228A,2
1D_228B,2
1D_228C,2
1D_228D,2
1D_2291,2
1D_2292,2
1D_2295,2
1D_2296,2
1D_2298,2
1D_22A0,2
1D_22A1,2
1D_22A3,2
1D_22A6,2
1D_22AB,2
1D_22AC,2
1D_22B6,2
1D_22B8,2
1D_22B9,2
1D_22BD,2
1D_22C0,2
1D_22C5,2
1D_22C9,2
1D_22CC,2
1D_22CD,2
1D_22D1,2
1D_22D4,2
1D_22D8,2
1D_22DC,2
1D_22DD,2
1D_22E4,2
1D_22E5,2
1D_22EA,2
1D_22EC,2
1D_22F1,2
1D_22F6,2
1D_22FF,2
1D_2303,2
1D_230C,2
1D_231E,2
1D_2322,2
1D_2323,2
1D_2327,2
1D_2333,2
1D_2334,2
1D_2335,2
1D_2337,2
1D_233B,2
1D_233F,2
1D_2344,2
1D_2345,2
1D_2348,2
1D_234A,2
1D_234E,2
1D_2352,2
1D_2355,2
1D_2356,2
1D_2358,2
1D_235C,2
1D_235D,2
1D_235E,2
1D_235F,2
1D_2362,2
1D_2364,2
1D_2374,2
1D_2377,2
1D_2378,2
1D_237A,2
1D_237E,2
1D_2382,2
1D_2386,2
1D_2389,2
1D_238C,2
1D_238F,2
1D_2391,2
1D_2392,2
1D_2396,2
1D_23A1,2
1D_23A5,2
1D_23A6,2
1D_23A8,2
1D_23A9,2
1D_23AE,2
1D_23AF,2
1D_23B5,2
1D_23B6,2
1D_23B8,2
1D_23BC,2
1D_23C3,2
1D_23C9,2
1D_23CA,2
1D_23CC,2
1D_23D2,2
1D_23D6,2
1D_23D7,2
1D_23D8,2
1D_23D9,2
1D_23DC,2
1D_23E7,2
1D_23E9,2
1D_23EA,2
1D_23EB,2
1D_23EC,2
1D_23ED,2
1D_23F3,2
1D_23F4,2
1D_23F6,2
1D_23F8,2
1D_2404,2
1D_240B,2
1D_240D,2
1D_2410,2
1D_2414,2
1D_2417,2
1D_241B,2
1D_241C,2
1D_2420,2
1D_2427,2
1D_242C,2
1D_242D,2
1D_2430,2
1D_2441,2
1D_2442,2
1D_2447,2
1D_2448,2
1D_2449,2
1D_244E,2
1D_244F,2
1D_2451,2
1D_2453,2
1D_245D,2
1D_2463,2
1D_2465,2
1D_2467,2
1D_2469,2
1D_246C,2
1D_246E,2
1D_246F,2
1D_2474,2
1D_2475,2
1D_2476,2
1D_2477,2
1D_247B,2
1D_247D,2
1D_2484,2
1D_248A,2
1D_248B,2
1D_248D,2
1D_2494,2
1D_2495,2
1D_2496,2
1D_2497,2
1D_24A1,2
1D_24A2,2
1D_24A3,2
1D_24A5,2
1D_24A6,2
1D_24A7,2
1D_24AB,2
1D_24B1,2
1D_24B3,2
1D_24B4,2
1D_24B5,2
1D_24B6,2
1D_24BA,2
1D_24BB,2
1D_24BC,2
1D_24C2,2
1D_24C4,2
1D_24C5,2
1D_24C9,2
1D_24CE,2
1D_24D0,2
1D_24D3,2
1D_24D8,2
1D_24DA,2
1D_24DB,2
1D_24E0,2
1D_24E1,2
1D_24E9,2
1D_24EA,2
1D_24EC,2
1D_24F1,2
1D_24F7,2
1D_2501,2
1D_2506,2
1D_250B,2
1D_250F,2
1D_2510,2
1D_2512,2
1D_2513,2
1D_251B,2
1D_251C,2
1D_251D,2
1D_2520,2
1D_2526,2
1D_252B,2
1D_252C,2
1D_2534,2
1D_253B,2
1D_253E,2
1D_2547,2
1D_254B,2
1D_254E,2
1D_254F,2
1D_2550,2
1D_2552,2
1D_2554,2
1D_2556,2
1D_2558,2
1D_255E,2
1D_255F,2
1D_2560,2
1D_2564,2
1D_2565,2
1D_2566,2
1D_2569,2
1D_256B,2
1D_256C,2
1D_2575,2
1D_2577,2
1D_257E,2
1D_2586,2
1D_258D,2
1D_258F,2
1D_2590,2
1D_2593,2
1D_2596,2
1D_2597,2
1D_2599,2
1D_259A,2
1D_259C,2
1D_259D,2
1D_259F,2
1D_25A2,2
1D_25A4,2
1D_25A9,2
1D_25AF,2
1D_25B0,2
1D_25B3,2
1D_25B5,2
1D_25BB,2
1D_25C2,2
1D_25C4,2
1D_25C8,2
1D_25CB,2
1D_25CD,2
1D_25CF,2
1D_25D2,2
1D_25D6,2
1D_25E2,2
1D_25E3,2
1D_25E7,2
1D_25EE,2
1D_25EF,2
1D_25F1,2
1D_25F2,2
1D_25F5,2
1D_25F7,2
1D_2601,2
1D_2605,2
1D_260A,2
1D_260B,2
1D_260C,2
1D_260E,2
1D_2613,2
1D_2614,2
1D_261A,2
1D_261B,2
1D_2622,2
1D_2625,2
1D_2627,2
1D_2629,2
1D_262B,2
1D_2633,2
1D_2637,2
1D_2638,2
1D_263B,2
1D_263F,2
1D_2640,2
1D_2641,2
1D_2642,2
1D_2644,2
1D_2647,2
1D_2648,2
1D_264A,2
1D_2654,2
1D_2656,2
1D_2659,2
1D_265B,2
1D_265F,2
1D_2662,2
1D_2664,2
1D_2667,2
1D_266C,2
1D_2671,2
1D_2673,2
1D_2674,2
1D_2678,2
1D_267B,2
1D_267C,2
1D_267D,2
1D_267E,2
1D_267F,2
1D_2682,2
1D_2683,2
1D_2689,2
1D_268E,2
1D_268F,2
1D_2694,2
1D_2697,2
1D_2699,2
1D_269C,2
1D_269E,2
1D_26A2,2
1D_26A3,2
1D_26A4,2
1D_26A8,2
1D_26A9,2
1D_26AC,2
1D_26AD,2
1D_26B2,2
1D_26B6,2
1D_26BE,2
1D_26C2,2
1D_26C6,2
1D_26CF,2
1D_26D2,2
1D_26D4,2
1D_26D6,2
1D_26D8,2
1D_26DA,2
1D_26DF,2
1D_26E0,2
1D_26E3,2
1D_26ED,2
1D_26EE,2
1D_26F0,2
1D_26F1,2
1D_26F5,2
1D_26F8,2
1D_26FC,2
1D_2705,2
1D_270E,2
1D_2711,2
1D_2717,2
1D_2718,2
1D_271A,2
1D_271E,2
1D_2721,2
1D_2725,2
1D_2728,2
1D_2729,2
1D_272B,2
1D_272C,2
1D_272E,2
1D_272F,2
1D_2732,2
1D_2733,2
1D_2734,2
1D_2737,2
1D_273B,2
1D_273F,2
1D_2742,2
1D_2745,2
1D_274D,2
1D_2758,2
1D_275B,2
1D_275D,2
1D_275F,2
1D_2760,2
1D_2761,2
1D_2762,2
1D_2764,2
1D_2767,2
1D_2768,2
1D_276B,2
1D_276D,2
1D_2774,2
1D_2776,2
1D_2777,2
1D_277C,2
1D_2781,2
1D_2784,2
1D_2786,2
1D_278D,2
1D_278E,2
1D_2795,2
1D_2796,2
1D_2797,2
1D_2799,2
1D_279B,2
1D_279E,2
1D_279F,2
1D_27A2,2
1D_27A6,2
1D_27A7,2
1D_27AC,2
1D_27AF,2
1D_27B0,2
1D_27B7,2
1D_27B8,2
1D_27B9,2
1D_27C1,2
1D_27C3,2
1D_27C7,2
1D_27CB,2
1D_27CF,2
1D_27D1,2
1D_27D9,2
1D_27DE,2
1D_27DF,2
1D_27E0,2
1D_27E1,2
1D_27E4,2
1D_27EA,2
1D_27EB,2
1D_27F1,2
1D_27F7,2
1D_27FC,2
1D_27FF,2
1D_2801,2
1D_2802,2
1D_2803,2
1D_2804,2
1D_2805,2
1D_2808,2
1D_2811,2
1D_2812,2
1D_2814,2
1D_2819,2
1D_2822,2
1D_2823,2
1D_2824,2
1D_2825,2
1D_2828,2
1D_282C,2
1D_2831,2
1D_2833,2
1D_283A,2
1D_283C,2
1D_283E,2
1D_283F,2
1D_2842,2
1D_2843,2
1D_2845,2
1D_2846,2
1D_2849,2
1D_284D,2
1D_284E,2
1D_2854,2
1D_2859,2
1D_285B,2
1D_2860,2
1D_2863,2
1D_2866,2
1D_2867,2
1D_286B,2
1D_2879,2
1D_287C,2
1D_287D,2
1D_287E,2
1D_2883,2
1D_2888,2
1D_288D,2
1D_288F,2
1D_2895,2
1D_2899,2
1D_289F,2
1D_28A0,2
1D_28A1,2
1D_28A4,2
1D_28A9,2
1D_28B0,2
1D_28B1,2
1D_28B5,2
1D_28B8,2
1D_28BF,2
1D_28C1,2
1D_28C2,2
1D_28C3,2
1D_28C6,2
1D_28CB,2
1D_28CC,2
1D_28CF,2
1D_28D2,2
1D_28D5,2
1D_28D7,2
1D_28DB,2
1D_28DF,2
1D_28E5,2
1D_28EB,2
1D_28ED,2
1D_28F1,2
1D_28F6,2
1D_28FB,2
1D_28FD,2
1D_28FF,2
1D_2901,2
1D_2902,2
1D_2908,2
1D_290A,2
1D_290B,2
1D_290D,2
1D_290E,2
1D_2911,2
1D_2918,2
1D_2919,2
1D_291C,2
1D_2921,2
1D_2924,2
1D_2925,2
1D_2927,2
1D_2929,2
1D_292A,2
1D_292D,2
1D_292F,2
1D_2938,2
1D_293A,2
1D_293F,2
1D_2942,2
1D_2943,2
1D_2947,2
1D_294C,2
1D_294E,2
1D_2950,2
1D_2957,2
1D_295A,2
1D_295C,2
1D_295D,2
1D_2964,2
1D_2965,2
1D_2968,2
1D_2969,2
1D_296A,2
1D_2977,2
1D_2978,2
1D_2979,2
1D_297F,2
1D_2980,2
1D_2981,2
1D_2984,2
1D_2985,2
1D_2986,2
1D_298A,2
1D_298B,2
1D_298E,2
1D_2991,2
1D_2995,2
1D_299C,2
1D_299F,2
1D_29A0,2
1D_29A1,2
1D_29A6,2
1D_29A8,2
1D_29B5,2
1D_29BC,2
1D_29BE,2
1D_29C8,2
1D_29CE,2
1D_29CF,2
1D_29D2,2
1D_29D7,2
1D_29D8,2
1D_29D9,0
1D_29E2,2
1D_29E4,2
1D_29E7,2
1D_29E8,2
1D_29EA,2
1D_29EC,2
1D_29EE,2
1D_29F4,0
1D_29F8,2
1D_29F9,2
1D_29FA,2
1D_29FB,2
1D_2A05,2
1D_2A06,2
1D_2A0C,0
1D_2A11,2
1D_2A12,2
1D_2A15,2
1D_2A1A,2
1D_2A1C,2
1D_2A1F,2
1D_2A21,2
1D_2A23,2
1D_2A28,2
1D_2A38,2
1D_2A39,2
1D_2A3E,2
1D_2A40,2
1D_2A42,2
1D_2A43,2
1D_2A45,2
1D_2A4A,2
1D_2A4D,2
1D_2A52,2
1D_2A54,0
1D_2A55,2
1D_2A56,2
1D_2A58,2
1D_2A5A,2
1D_2A5F,2
1D_2A63,2
1D_2A6A,2
1D_2A6B,2
1D_2A6C,2
1D_2A6F,2
1D_2A70,2
1D_2A76,2
1D_2A80,2
1D_2A81,2
1D_2A8D,2
1D_2A90,2
1D_2A91,2
1D_2A93,0
1D_2A94,0
1D_2A95,2
1D_2A99,2
1D_2A9A,2
1D_2A9B,2
1D_2A9C,2
1D_2A9E,2
1D_2AAB,2
1D_2AAC,2
1D_2AAD,2
1D_2AAE,2
1D_2AB0,2
1D_2AB2,2
1D_2AB3,0
1D_2AB8,2
1D_2ABB,2
1D_2ABD,0
1D_2ABF,2
1D_2AC4,2
1D_2ACB,2
1D_2ACD,0
1D_2ACF,2
1D_2AD0,2
1D_2AD8,2
1D_2AD9,2
1D_2ADD,2
1D_2ADF,2
1D_2AE8,2
1D_2AEA,2
1D_2AEC,0
1D_2AEE,0
1D_2AF0,2
1D_2AF1,2
1D_2AF4,2
1D_2AFC,2
1D_2AFD,0
1D_2B02,2
1D_2B08,2
1D_2B0B,2
1D_2B0D,0
1D_2B0E,0
1D_2B17,2
1D_2B18,2
1D_2B1A,2
1D_2B1E,2
1D_2B28,2
1D_2B2B,2
1D_2B2C,2
1D_2B2D,2
1D_2B2E,2
1D_2B32,2
1D_2B35,2
1D_2B3F,2
1D_2B41,2
1D_2B45,2
1D_2B47,2
1D_2B4C,2
1D_2B4D,2
1D_2B56,0
1D_2B57,0
1D_2B58,0
1D_2B5A,2
1D_2B5B,2
1D_2B5D,2
1D_2B65,2
1D_2B66,2
1D_2B6A,2
1D_2B7E,2
1D_2B85,2
1D_2B87,2
1D_2B8B,2
1D_2B8D,2
1D_2B93,0
1D_2B95,2
1D_2B99,2
1D_2B9B,2
1D_2B9E,2
1D_2B9F,2
1D_2BA0,2
1D_2BA3,0
1D_2BA4,0
1D_2BA5,0
1D_2BA8,2
1D_2BAB,2
1D_2BB3,2
1D_2BB4,0
1D_2BB5,0
1D_2BB7,2
1D_2BBB,2
1D_2BBC,2
1D_2BC3,0
1D_2BC9,2
1D_2BCA,2
1D_2BCB,2
1D_2BD3,0
1D_2BD8,2
1D_2BDB,2
1D_2BDD,2
1D_2BE3,0
1D_2BF0,2
1D_2BF2,2
1D_2BF4,2
1D_2BF7,2
1D_2BF9,2
1D_2BFA,2
1D_2BFD,2
1D_2C00,2
1D_2C06,2
1D_2C0A,2
1D_2C0E,2
1D_2C12,0
1D_2C13,0
1D_2C15,2
1D_2C17,2
1D_2C19,2
1D_2C1E,2
1D_2C23,0
1D_2C24,0
1D_2C29,2
1D_2C2A,2
1D_2C30,2
1D_2C33,2
1D_2C37,0
1D_2C39,0
1D_2C3D,0
1D_2C44,0
1D_2C45,0
1D_2C48,0
1D_2C4A,0
1D_2C4B,0
1D_2C4C,0
1D_2C4E,0
1D_2C4F,0
1D_2C58,2
1D_2C5B,2
1D_2C5C,2
1D_2C5E,2
1D_2C63,0
1D_2C68,2
1D_2C6A,2
1D_2C6C,2
1D_2C6F,2
1D_2C70,2
1D_2C74,0
1D_2C75,2
1D_2C77,2
1D_2C78,2
1D_2C7B,2
1D_2C7F,2
1D_2C80,2
1D_2C82,2
1D_2C84,2
1D_2C8C,2
1D_2C91,2
1D_2C97,2
1D_2CA3,2
1D_2CA6,0
1D_2CA7,0
1D_2CA8,0
1D_2CAB,2
1D_2CAF,2
1D_2CB1,2
1D_2CB2,2
1D_2CB3,2
1D_2CB4,2
1D_2CB6,2
1D_2CB9,0
1D_2CBE,2
1D_2CC4,2
1D_2CC6,2
1D_2CCA,2
1D_2CCD,2
1D_2CD1,2
1D_2CD3,0
1D_2CD7,2
1D_2CD9,2
1D_2CDA,2
1D_2CE1,2
1D_2CE2,2
1D_2CE5,2
1D_2CE9,2
1D_2CEA,2
1D_2CEC,0
1D_2CF0,2
1D_2CF6,2
1D_2CFC,2
1D_2CFF,2
1D_2D02,2
1D_2D03,2
1D_2D05,2
1D_2D09,2
1D_2D0C,2
1D_2D0D,2
1D_2D0E,2
1D_2D11,2
1D_2D13,2
1D_2D16,2
1D_2D17,2
1D_2D18,2
1D_2D19,2
1D_2D1D,2
1D_2D1E,2
1D_2D20,2
1D_2D2B,2
1D_2D2C,0
1D_2D2E,0
1D_2D37,2
1D_2D3A,2
1D_2D40,2
1D_2D4C,2
1D_2D4D,2
1D_2D50,2
1D_2D52,2
1D_2D5E,2
1D_2D60,2
1D_2D61,2
1D_2D64,2
1D_2D68,2
1D_2D72,2
1D_2D74,2
1D_2D75,2
1D_2D7C,2
1D_2D7E,2
1D_2D7F,2
1D_2D88,2
1D_2D89,2
1D_2D8B,2
1D_2D8F,2
1D_2D93,2
1D_2D97,2
1D_2D9A,2
1D_2D9E,2
1D_2DA0,2
1D_2DA3,2
1D_2DAA,2
1D_2DAD,2
1D_2DAF,2
1D_2DB3,2
1D_2DB7,2
1D_2DBF,2
1D_2DC3,2
1D_2DCE,2
1D_2DCF,2
1D_2DD2,2
1D_2DD7,2
1D_2DDA,2
1D_2DDB,2
1D_2DDC,2
1D_2DDE,2
1D_2DE7,2
1D_2DEF,2
1D_2DF0,2
1D_2DF1,2
1D_2DF4,2
1D_2DF7,2
1D_2DF9,2
1D_2DFA,2
1D_2DFF,2
1D_2E03,2
1D_2E04,2
1D_2E06,2
1D_2E08,2
1D_2E09,0
1D_2E0B,0
1D_2E0C,2
1D_2E0F,2
1D_2E17,2
1D_2E19,2
1D_2E1B,2
1D_2E1F,2
1D_2E22,2
1D_2E28,2
1D_2E29,2
1D_2E2B,2
1D_2E2D,0
1D_2E30,2
1D_2E37,2
1D_2E38,2
1D_2E3B,2
1D_2E3D,2
1D_2E42,2
1D_2E48,2
1D_2E4A,2
1D_2E4D,2
1D_2E4E,2
1D_2E51,2
1D_2E53,2
1D_2E60,2
1D_2E61,2
1D_2E62,2
1D_2E64,2
1D_2E65,2
1D_2E69,2
1D_2E6B,2
1D_2E6D,0
1D_2E70,2
1D_2E71,2
1D_2E7B,2
1D_2E7E,2
1D_2E8E,2
1D_2E91,2
1D_2E93,2
1D_2E96,2
1D_2E97,2
1D_2E9A,0
1D_2E9B,0
1D_2E9D,2
1D_2E9F,2
1D_2EA0,2
1D_2EA5,2
1D_2EA9,2
1D_2EB0,2
1D_2EB3,2
1D_2EB6,0
1D_2EB8,2
1D_2EBA,2
1D_2EBC,2
1D_2EBE,2
1D_2EC5,2
1D_2EC7,2
1D_2EC8,2
1D_2EC9,2
1D_2ECB,2
1D_2ECC,2
1D_2ECE,2
1D_2ECF,2
1D_2ED0,2
1D_2ED3,2
1D_2ED5,2
1D_2ED9,2
1D_2EDA,2
1D_2EDF,2
1D_2EE1,2
1D_2EE4,2
1D_2EE5,2
1D_2EE9,2
1D_2EEA,2
1D_2EF3,2
1D_2EF7,2
1D_2EFB,2
1D_2F00,2
1D_2F04,2
1D_2F07,2
1D_2F09,2
1D_2F0A,2
1D_2F11,2
1D_2F17,2
1D_2F19,2
1D_2F1C,2
1D_2F1F,2
1D_2F23,2
1D_2F29,2
1D_2F2A,0
1D_2F2B,2
1D_2F30,2
1D_2F33,2
1D_2F39,2
1D_2F3D,2
1D_2F3F,2
1D_2F41,2
1D_2F42,2
1D_2F46,2
1D_2F4B,2
1D_2F4C,2
1D_2F4E,2
1D_2F4F,2
1D_2F50,2
1D_2F51,2
1D_2F53,2
1D_2F57,2
1D_2F59,2
1D_2F5B,2
1D_2F5E,2
1D_2F60,2
1D_2F68,2
1D_2F6A,2
1D_2F6B,2
1D_2F70,2
1D_2F71,2
1D_2F76,2
1D_2F77,2
1D_2F7A,2
1D_2F80,2
1D_2F81,2
1D_2F82,2
1D_2F86,2
1D_2F87,2
1D_2F88,2
1D_2F8F,2
1D_2F90,2
1D_2F95,2
1D_2F97,2
1D_2FA0,2
1D_2FA4,2
1D_2FA5,2
1D_2FA6,2
1D_2FA8,2
1D_2FAD,2
1D_2FAF,2
1D_2FB0,2
1D_2FB4,2
1D_2FBB,2
1D_2FBC,2
1D_2FBD,2
1D_2FC1,2
1D_2FC2,2
1D_2FC6,2
1D_2FC7,2
1D_2FCC,2
1D_2FD4,2
1D_2FDA,2
1D_2FDD,2
1D_2FE0,2
1D_2FE1,2
1D_2FE9,2
1D_2FF4,2
1D_2FF8,2
1D_2FFC,2
1D_3001,2
1D_3009,2
1D_300B,2
1D_3010,2
1D_3015,2
1D_3017,2
1D_301C,2
1D_302D,2
1D_3031,2
1D_3033,2
1D_3034,2
1D_3038,2
1D_303A,2
1D_303B,2
1D_303D,2
1D_303E,2
1D_3040,2
1D_3041,2
1D_3053,2
1D_3058,2
1D_305D,2
1D_305E,2
1D_3061,2
1D_3065,2
1D_3068,2
1D_3069,2
1D_306C,2
1D_306F,2
1D_3070,2
1D_3072,2
1D_3073,2
1D_3076,2
1D_3077,2
1D_3079,2
1D_307A,2
1D_307B,2
1D_307E,2
1D_307F,2
1D_3083,2
1D_308C,2
1D_308D,2
1D_3092,2
1D_3093,2
1D_3096,2
1D_3099,2
1D_309A,2
1D_309B,2
1D_30A4,2
1D_30A5,2
1D_30A7,2
1D_30A8,2
1D_30AB,2
1D_30AC,2
1D_30AE,2
1D_30B2,2
1D_30B5,2
1D_30B7,2
1D_30B8,2
1D_30BA,2
1D_30BD,2
1D_30C1,2
1D_30C4,2
1D_30C6,2
1D_30C9,2
1D_30CA,2
1D_30CC,2
1D_30CE,2
1D_30D3,2
1D_30D6,2
1D_30D8,2
1D_30D9,2
1D_30DC,2
1D_30DE,2
1D_30E1,2
1D_30E5,2
1D_30E7,2
1D_30EB,2
1D_30F1,2
1D_30F4,2
1D_30F8,2
1D_30F9,2
1D_30FC,2
1D_30FD,2
1D_3102,2
1D_3103,2
1D_3109,2
1D_310D,2
1D_310E,2
1D_3112,2
1D_3113,2
1D_311A,2
1D_311E,2
1D_3122,2
1D_3124,2
1D_3125,2
1D_3127,2
1D_3129,2
1D_312F,2
1D_3130,2
1D_3136,2
1D_3138,2
1D_313A,2
1D_313E,2
1D_3141,2
1D_3143,2
1D_3147,2
1D_3148,2
1D_314A,2
1D_314D,2
1D_3152,2
1D_3158,2
1D_315D,2
1D_3160,2
1D_316B,2
1D_316D,2
1D_3170,2
1D_3172,2
1D_3173,2
1D_3176,2
1D_3178,2
1D_317D,2
1D_3190,2
1D_3192,2
1D_3196,2
1D_3199,2
1D_319A,2
1D_319E,2
1D_31A1,2
1D_31A6,2
1D_31A7,2
1D_31B0,2
1D_31B2,2
1D_31B6,2
1D_31B8,2
1D_31BE,2
1D_31C2,2
1D_31C7,2
1D_31CB,2
1D_31CC,2
1D_31CD,2
1D_31CF,2
1D_31D4,2
1D_31D5,2
1D_31D6,2
1D_31D7,2
1D_31DA,2
1D_31DB,2
1D_31DD,2
1D_31E1,2
1D_31E3,2
1D_31E4,2
1D_31E9,2
1D_31EA,2
1D_31EC,2
1D_31ED,2
1D_31F1,2
1D_31F5,2
1D_31F6,2
1D_31F8,2
1D_3201,2
1D_3206,2
1D_3207,2
1D_3209,2
1D_320A,2
1D_320C,2
1D_3211,2
1D_3213,2
1D_3215,2
1D_3216,2
1D_3218,2
1D_321B,2
1D_321C,2
1D_321F,2
1D_3220,2
1D_3227,2
1D_3228,2
1D_3229,2
1D_322B,2
1D_322D,2
1D_322F,2
1D_3236,2
1D_3238,2
1D_323A,2
1D_3241,2
1D_3249,2
1D_324D,2
1D_3251,2
1D_3255,2
1D_325C,2
1D_3262,2
1D_3263,2
1D_327A,2
1D_327D,2
1D_327E,2
1D_3284,2
1D_328C,2
1D_328F,2
1D_3290,2
1D_3291,2
1D_3297,2
1D_3299,2
1D_329A,2
1D_329B,2
1D_32A1,2
1D_32A9,2
1D_32AD,2
1D_32AE,2
1D_32AF,2
1D_32B3,2
1D_32B5,2
1D_32B7,2
1D_32B8,2
1D_32B9,2
1D_32BC,2
1D_32BE,2
1D_32C1,2
1D_32C9,2
1D_32CA,2
1D_32CB,2
1D_32D5,2
1D_32DE,2
1D_32E0,2
1D_32E1,2
1D_32E2,2
1D_32E3,2
1D_32E6,2
1D_32EA,2
1D_32ED,2
1D_32F0,2
1D_32F2,2
1D_32F3,2
1D_32F5,2
1D_32F6,2
1D_32F7,2
1D_32F8,2
1D_32F9,2
1D_32FD,2
1D_32FF,2
1D_3305,2
1D_330A,2
1D_330B,2
1D_330D,2
1D_3311,2
1D_3312,2
1D_3313,2
1D_3316,2
1D_331A,2
1D_3320,2
1D_3322,2
1D_3324,2
1D_3325,2
1D_3326,2
1D_3327,2
1D_3328,2
1D_3329,2
1D_3330,2
1D_3332,2
1D_3334,2
1D_3337,2
1D_333D,2
1D_333F,2
1D_3342,2
1D_334A,2
1D_3351,2
1D_3357,2
1D_3359,2
1D_335A,2
1D_3364,2
1D_3368,2
1D_3372,2
1D_3374,2
1D_3375,2
1D_3376,2
1D_3378,2
1D_337C,2
1D_337F,2
1D_3383,2
1D_3385,2
1D_3389,2
1D_338A,2
1D_338D,2
1D_338F,2
1D_3390,2
1D_3394,2
1D_3397,2
1D_3399,2
1D_339A,2
1D_33A1,2
1D_33A3,2
1D_33AB,2
1D_33B1,2
1D_33B3,2
1D_33BC,2
1D_33BE,2
1D_33C2,2
1D_33C4,2
1D_33C8,2
1D_33C9,2
1D_33CB,2
1D_33CC,2
1D_33CD,2
1D_33CE,2
1D_33D1,2
1D_33D7,2
1D_33D9,2
1D_33DA,2
1D_33DF,2
1D_33E0,2
1D_33E2,2
1D_33E5,2
1D_33E6,2
1D_33ED,2
1D_33F2,2
1D_33F5,2
1D_33F6,2
1D_33F9,2
1D_3400,2
1D_3406,2
1D_3409,2
1D_340B,2
1D_3418,2
1D_3419,2
1D_341A,2
1D_341B,2
1D_341C,2
1D_3423,2
1D_3428,2
1D_342C,2
1D_342E,2
1D_342F,2
1D_3431,2
1D_3433,2
1D_3434,2
1D_3435,2
1D_3438,2
1D_343C,2
1D_343E,2
1D_344B,2
1D_344C,2
1D_3450,2
1D_3451,2
1D_3454,2
1D_3457,2
1D_345A,2
1D_345F,2
1D_3460,2
1D_3464,2
1D_3465,2
1D_3468,2
1D_3469,2
1D_346A,2
1D_346D,2
1D_346E,2
1D_346F,2
1D_3472,2
1D_3474,2
1D_347C,2
1D_347F,2
1D_3486,2
1D_3489,2
1D_3495,2
1D_3496,2
1D_3499,2
1D_34A6,2
1D_34AB,2
1D_34AD,2
1D_34B2,2
1D_34B3,2
1D_34BD,2
1D_34C3,2
1D_34C4,2
1D_34CA,2
1D_34D0,2
1D_34D5,2
1D_34D9,2
1D_34DA,2
1D_34E2,2
1D_34E7,2
1D_34EE,2
1D_34F2,2
1D_34F4,2
1D_34F5,2
1D_34FA,2
1D_34FE,2
1D_34FF,2
1D_3501,2
1D_3502,2
1D_3505,2
1D_3506,2
1D_3508,2
1D_350A,2
1D_3516,2
1D_351B,2
1D_351E,2
1D_3529,2
1D_352C,2
1D_352F,2
1D_3531,2
1D_3533,2
1D_3536,2
1D_3538,2
1D_353A,2
1D_353B,2
1D_353F,2
1D_3543,2
1D_3546,2
1D_354C,2
1D_354E,2
1D_3553,2
1D_3558,2
1D_355B,2
1D_355C,2
1D_355D,2
1D_355E,2
1D_3564,2
1D_3566,2
1D_3568,2
1D_356D,2
1D_3571,2
1D_3573,2
1D_3578,2
1D_3579,2
1D_357B,2
1D_357C,2
1D_3582,2
1D_3589,2
1D_358A,2
1D_3593,2
1D_3596,2
1D_3599,2
1D_359B,2
1D_359E,2
1D_359F,2
1D_35A1,2
1D_35A2,2
1D_35AF,2
1D_35B2,2
1D_35B5,2
1D_35BA,2
1D_35BB,2
1D_35C1,2
1D_35C4,2
1D_35C7,2
1D_35CB,2
1D_35CD,2
1D_35CF,2
1D_35D4,2
1D_35D6,2
1D_35DA,2
1D_35DB,2
1D_35DD,2
1D_35E3,2
1D_35ED,2
1D_35F3,2
1D_35F6,2
1D_35F8,2
1D_35FC,2
1D_35FE,2
1D_35FF,2
1D_3603,2
1D_3607,2
1D_361D,2
1D_3620,2
1D_3621,2
1D_3623,2
1D_3624,2
1D_3626,2
1D_362B,2
1D_3630,2
1D_3634,2
1D_3638,2
1D_3639,2
1D_363A,2
1D_3640,2
1D_3641,2
1D_3642,2
1D_3643,2
1D_3644,2
1D_3645,2
1D_3646,2
1D_3647,2
1D_364B,2
1D_364D,2
1D_3655,2
1D_3658,2
1D_365B,2
1D_365E,2
1D_3661,2
1D_3662,2
1D_3666,2
1D_3667,2
1D_3668,2
1D_3670,2
1D_3673,2
1D_3674,2
1D_3676,2
1D_367A,2
1D_3680,2
1D_3681,2
1D_3683,2
1D_3684,2
1D_3685,2
1D_3688,2
1D_368D,2
1D_368F,2
1D_3690,2
1D_3692,2
1D_3697,2
1D_3699,2
1D_369B,2
1D_36A4,2
1D_36A5,2
1D_36A8,2
1D_36AA,2
1D_36B3,2
1D_36B4,2
1D_36B8,2
1D_36B9,2
1D_36BD,2
1D_36BE,2
1D_36C0,2
1D_36C2,2
1D_36C6,2
1D_36CC,2
1D_36CE,2
1D_36D6,2
1D_36D7,2
1D_36E0,2
1D_36E3,2
1D_36E6,2
1D_36EA,2
1D_36EB,2
1D_36F0,2
1D_36F3,2
1D_36F6,2
1D_36F9,2
1D_36FA,2
1D_36FB,2
1D_36FD,2
1D_36FE,2
1D_3700,2
1D_3706,2
1D_3707,2
1D_3708,2
1D_370D,2
1D_3711,2
1D_3715,2
1D_371A,2
1D_371B,2
1D_371C,2
1D_371D,2
1D_3724,2
1D_3725,2
1D_372C,2
1D_3730,2
1D_3731,2
1D_3735,2
1D_3737,2
1D_3739,2
1D_373A,2
1D_373B,2
1D_373C,2
1D_373E,2
1D_373F,2
1D_3740,2
1D_3744,2
1D_3748,2
1D_374A,2
1D_374B,2
1D_374C,2
1D_374D,2
1D_3751,2
1D_3752,2
1D_3753,2
1D_3754,2
1D_3755,2
1D_3756,2
1D_3759,2
1D_375A,2
1D_375B,2
1D_375C,2
1D_375E,2
1D_3760,2
1D_3761,2
1D_3762,2
1D_3763,2
1D_3767,2
1D_376D,2
1D_3777,2
1D_377B,2
1D_3781,2
1D_3786,2
1D_378A,2
1D_378E,2
1D_378F,2
1D_3790,2
1D_3795,2
1D_3796,2
1D_379C,2
1D_379F,2
1D_37A0,2
1D_37A3,2
1D_37A5,2
1D_37A8,2
1D_37AA,2
1D_37AC,2
1D_37AE,2
1D_37B3,2
1D_37B6,2
1D_37BF,2
1D_37C1,2
1D_37C4,2
1D_37C5,2
1D_37C8,2
1D_37C9,2
1D_37CD,2
1D_37D2,2
1D_37D3,2
1D_37D6,2
1D_37D7,2
1D_37D8,2
1D_37DC,2
1D_37DD,2
1D_37E0,2
1D_37E1,2
1D_37E2,2
1D_37E7,2
1D_37E8,2
1D_37EA,2
1D_37EB,2
1D_37F1,2
1D_37F9,2
1D_37FB,2
1D_37FC,2
1D_37FF,2
1D_3802,2
1D_3803,2
1D_3805,2
1D_3806,2
1D_3809,2
1D_380A,2
1D_3812,2
1D_3815,2
1D_3818,2
1D_381B,2
1D_381D,2
1D_381F,2
1D_3820,2
1D_3822,2
1D_3826,2
1D_3829,2
1D_382B,2
1D_3830,2
1D_3833,2
1D_3838,2
1D_3843,2
1D_3845,2
1D_3847,2
1D_384F,2
1D_3850,2
1D_3851,2
1D_3855,2
1D_3856,2
1D_3859,2
1D_3860,2
1D_3863,2
1D_3866,2
1D_386B,2
1D_386F,2
1D_3874,2
1D_3879,2
1D_387F,2
1D_388B,2
1D_388C,2
1D_388E,2
1D_3893,2
1D_3895,2
1D_3899,2
1D_38A5,2
1D_38A8,2
1D_38AE,2
1D_38B4,2
1D_38B5,2
1D_38B6,2
1D_38B7,2
1D_38B8,2
1D_38BF,2
1D_38C0,2
1D_38C1,2
1D_38C4,2
1D_38C7,2
1D_38CB,2
1D_38D2,2
1D_38D3,2
1D_38D8,2
1D_38DA,2
1D_38DB,2
1D_38DC,2
1D_38DD,2
1D_38E0,2
1D_38E1,2
1D_38E3,2
1D_38E6,2
1D_38E7,2
1D_38EA,2
1D_38ED,2
1D_38F0,2
1D_38F5,2
1D_38FA,2
1D_38FC,2
1D_38FD,2
1D_38FE,2
1D_3901,2
1D_3904,2
1D_3908,2
1D_390B,2
1D_3914,2
1D_391A,2
1D_391C,2
1D_3921,2
1D_3929,2
1D_392B,2
1D_392C,2
1D_392D,2
1D_392F,2
1D_3934,2
1D_3937,2
1D_3938,2
1D_3939,2
1D_393A,2
1D_393C,2
1D_393D,2
1D_393E,2
1D_3947,2
1D_394C,2
1D_3956,2
1D_395F,2
1D_3961,2
1D_3964,2
1D_3965,2
1D_3967,2
1D_396C,2
1D_3972,2
1D_3974,2
1D_3977,2
1D_3980,2
1D_3981,2
1D_3983,2
1D_3985,2
1D_3988,2
1D_3989,2
1D_398D,2
1D_398E,2
1D_3992,2
1D_3993,2
1D_3994,2
1D_399A,2
1D_399D,2
1D_399E,2
1D_399F,2
1D_39A2,2
1D_39A5,2
1D_39A7,2
1D_39A8,2
1D_39AD,2
1D_39AE,2
1D_39BA,2
1D_39BF,2
1D_39C1,2
1D_39C2,2
1D_39C3,2
1D_39C6,2
1D_39C7,2
1D_39C8,2
1D_39C9,2
1D_39CF,2
1D_39D6,2
1D_39D7,2
1D_39D8,2
1D_39D9,2
1D_39E1,2
1D_39E2,2
1D_39E4,2
1D_39EF,2
1D_39F3,2
1D_39F4,2
1D_39F5,2
1D_39F8,0
1D_39F9,0
1D_39FF,0
1D_3A01,0
1D_3A03,0
1D_3A05,0
1D_3A06,0
1D_3A0A,0
1D_3A0D,0
1D_3A0F,0
1D_3A18,0
1D_3A19,0
1D_3A1B,0
1D_3A28,0
1D_3A2A,0
1D_3A2D,0
1D_3A37,0
1D_3A3C,0
1D_3A48,0
1D_3A4A,0
1D_3A4C,0
1D_3A52,0
1D_3A54,0
1D_3A55,0
1D_3A59,0
1D_3A5A,0
1D_3A5F,0
1D_3A60,0
1D_3A64,0
1D_3A67,0
1D_3A68,0
1D_3A6A,0
1D_3A6C,0
1D_3A6F,0
1D_3A71,0
1D_3A7C,0
1D_3A7E,0
1D_3A89,0
1D_3A8B,0
1D_3A93,0
1D_3A94,0
1D_3A96,0
1D_3A98,0
1D_3A9A,0
1D_3A9D,0
1D_3AA1,0
1D_3AA3,0
1D_3AA7,0
1D_3AAE,0
1D_3AAF,0
1D_3AB0,0
1D_3AB4,0
1D_3AB6,0
1D_3AB7,0
1D_3ABB,0
1D_3ABD,0
1D_3AC5,0
1D_3AC6,0
1D_3AC8,0
1D_3AC9,0
1D_3ACA,0
1D_3ACF,2
1D_3AD3,2
1D_3AD5,2
1D_3AD8,2
1D_3ADA,2
1D_3AE4,2
1D_3AE9,2
1D_3AFC,2
1D_3AFF,2
1D_3B04,2
1D_3B06,2
1D_3B0B,2
1D_3B10,2
1D_3B13,2
1D_3B15,2
1D_3B16,2
1D_3B1D,2
1D_3B1F,2
1D_3B20,2
1D_3B22,2
1D_3B25,2
1D_3B29,2
1D_3B2B,2
1D_3B36,2
1D_3B38,2
1D_3B39,2
1D_3B3F,2
1D_3B47,2
1D_3B48,2
1D_3B4A,2
1D_3B4C,2
1D_3B4E,2
1D_3B54,2
1D_3B5C,2
1D_3B64,2
1D_3B65,2
1D_3B66,2
1D_3B6A,2
1D_3B6C,2
1D_3B6E,2
1D_3B70,2
1D_3B75,2
1D_3B7D,2
1D_3B84,2
1D_3B85,2
1D_3B8B,2
1D_3B8F,2
1D_3B90,2
1D_3B91,2
1D_3B93,2
1D_3B97,2
1D_3B9B,2
1D_3B9C,2
1D_3B9E,2
1D_3BA4,2
1D_3BA7,2
1D_3BA8,2
1D_3BAE,2
1D_3BAF,2
1D_3BB4,2
1D_3BB5,2
1D_3BB8,2
1D_3BBA,2
1D_3BBB,2
1D_3BC3,2
1D_3BC6,2
1D_3BC7,2
1D_3BCA,2
1D_3BD1,2
1D_3BD5,2
1D_3BDA,2
1D_3BDE,2
1D_3BED,2
1D_3BF0,2
1D_3BF8,2
1D_3BF9,2
1D_3BFD,2
1D_3BFF,2
1D_3C02,2
1D_3C07,2
1D_3C0C,2
1D_3C10,2
1D_3C16,2
1D_3C17,2
1D_3C20,2
1D_3C23,2
1D_3C24,2
1D_3C26,2
1D_3C29,2
1D_3C2A,2
1D_3C2E,2
1D_3C30,2
1D_3C39,2
1D_3C3E,2
1D_3C40,2
1D_3C4B,2
1D_3C4E,2
1D_3C50,2
1D_3C51,2
1D_3C54,2
1D_3C55,2
1D_3C56,2
1D_3C58,2
1D_3C5B,2
1D_3C5C,2
1D_3C63,2
1D_3C67,2
1D_3C68,2
1D_3C6B,2
1D_3C6D,2
1D_3C6E,2
1D_3C71,2
1D_3C74,2
1D_3C78,2
1D_3C7D,2
1D_3C86,2
1D_3C90,2
1D_3C98,2
1D_3CA0,2
1D_3CA1,2
1D_3CA4,2
1D_3CA7,2
1D_3CA8,2
1D_3CAA,2
1D_3CB3,2
1D_3CBA,2
1D_3CBD,2
1D_3CBE,2
1D_3CC3,2
1D_3CC9,2
1D_3CD0,2
1D_3CD5,2
1D_3CDF,2
1D_3CE2,2
1D_3CE6,2
1D_3CE7,2
1D_3CF0,2
1D_3CF1,2
1D_3CF9,2
1D_3D01,2
1D_3D04,2
1D_3D07,2
1D_3D0A,2
1D_3D0B,2
1D_3D10,2
1D_3D14,2
1D_3D1E,2
1D_3D1F,2
1D_3D20,2
1D_3D21,2
1D_3D23,2
1D_3D24,2
1D_3D26,2
1D_3D28,2
1D_3D2E,2
1D_3D32,2
1D_3D35,2
1D_3D38,2
1D_3D3E,2
1D_3D3F,2
1D_3D42,2
1D_3D46,2
1D_3D47,2
1D_3D4D,2
1D_3D4E,2
1D_3D4F,2
1D_3D51,2
1D_3D52,2
1D_3D55,2
1D_3D56,2
1D_3D58,2
1D_3D5C,2
1D_3D5D,2
1D_3D63,2
1D_3D66,2
1D_3D67,2
1D_3D68,2
1D_3D69,2
1D_3D6A,2
1D_3D6C,2
1D_3D6E,2
1D_3D71,2
1D_3D73,2
1D_3D74,2
1D_3D77,2
1D_3D78,2
1D_3D7A,2
1D_3D7D,2
1D_3D7E,2
1D_3D81,2
1D_3D82,2
1D_3D86,2
1D_3D87,2
1D_3D89,2
1D_3D8D,2
1D_3D91,2
1D_3D92,2
1D_3D94,2
1D_3D97,2
1D_3DA0,2
1D_3DA5,0
1D_3DA8,0
1D_3DAE,2
1D_3DB3,2
1D_3DB7,2
1D_3DB8,2
1D_3DB9,2
1D_3DBC,2
1D_3DBD,2
1D_3DC0,2
1D_3DC2,0
1D_3DCB,2
1D_3DCF,2
1D_3DD3,2
1D_3DD5,2
1D_3DD6,2
1D_3DD9,2
1D_3DDA,2
1D_3DE5,2
1D_3DE6,2
1D_3DE8,2
1D_3DEB,0
1D_3DED,0
1D_3DF4,0
1D_3DF7,0
1D_3DF8,0
1D_3DFA,2
1D_3DFB,2
1D_3DFC,2
1D_3E00,2
1D_3E03,2
1D_3E05,2
1D_3E0C,2
1D_3E0D,2
1D_3E0E,2
1D_3E11,2
1D_3E12,2
1D_3E15,2
1D_3E1A,2
1D_3E1F,2
1D_3E21,2
1D_3E23,2
1D_3E28,0
1D_3E2A,2
1D_3E2E,2
1D_3E2F,2
1D_3E34,2
1D_3E3B,2
1D_3E3D,2
1D_3E40,2
1D_3E45,2
1D_3E49,2
1D_3E4B,2
1D_3E4E,2
1D_3E4F,2
1D_3E53,2
1D_3E57,2
1D_3E61,2
1D_3E64,2
1D_3E69,2
1D_3E6C,2
1D_3E6E,2
1D_3E70,2
1D_3E73,0
1D_3E77,2
1D_3E79,2
1D_3E7A,2
1D_3E7B,2
1D_3E7C,2
1D_3E80,2
1D_3E81,2
1D_3E82,2
1D_3E8A,2
1D_3E8B,2
1D_3E92,2
1D_3E98,2
1D_3EA1,2
1D_3EA2,2
1D_3EA3,2
1D_3EA7,2
1D_3EAA,2
1D_3EAF,2
1D_3EB2,2
1D_3EB3,2
1D_3EB4,2
1D_3EB5,2
1D_3EB6,2
1D_3EBA,2
1D_3EBC,2
1D_3EC0,2
1D_3EC3,2
1D_3EC9,2
1D_3ECB,2
1D_3ECD,2
1D_3ED0,2
1D_3ED1,2
1D_3ED3,2
1D_3ED7,2
1D_3ED8,2
1D_3ED9,2
1D_3EDC,2
1D_3EDF,2
1D_3EE4,2
1D_3EE9,2
1D_3EEB,2
1D_3EEE,2
1D_3F01,2
1D_3F04,2
1D_3F05,2
1D_3F06,2
1D_3F0C,2
1D_3F0D,2
1D_3F10,2
1D_3F12,2
1D_3F15,2
1D_3F16,2
1D_3F18,2
1D_3F21,2
1D_3F25,2
1D_3F2C,2
1D_3F2D,2
1D_3F30,2
1D_3F38,2
1D_3F3A,2
1D_3F3B,2
1D_3F3F,2
1D_3F41,2
1D_3F45,2
1D_3F47,2
1D_3F48,2
1D_3F4C,2
1D_3F4E,2
1D_3F50,2
1D_3F56,2
1D_3F5A,2
1D_3F5B,2
1D_3F5C,2
1D_3F5F,2
1D_3F60,2
1D_3F64,2
1D_3F66,2
1D_3F6B,2
1D_3F6C,2
1D_3F73,2
1D_3F74,2
1D_3F76,2
1D_3F7F,2
1D_3F83,2
1D_3F86,2
1D_3F87,2
1D_3F8C,2
1D_3F8F,2
1D_3F91,2
1D_3F97,2
1D_3F99,2
1D_3F9B,2
1D_3FA0,2
1D_3FA2,2
1D_3FA3,2
1D_3FA4,2
1D_3FA6,2
1D_3FA8,2
1D_3FA9,2
1D_3FAB,2
1D_3FAC,2
1D_3FAD,2
1D_3FAF,2
1D_3FB3,2
1D_3FB4,2
1D_3FBA,2
1D_3FC8,2
1D_3FCC,2
1D_3FD5,2
1D_3FD7,2
1D_3FD8,2
1D_3FD9,2
1D_3FDB,2
1D_3FDC,2
1D_3FE0,2
1D_3FE2,2
1D_3FE6,2
1D_3FF2,2
1D_3FF3,2
1D_3FF4,2
1D_3FF8,2
1D_3FFD,2
1D_4005,2
1D_400D,2
1D_400F,2
1D_4015,2
1D_4019,2
1D_401F,2
1D_4020,2
1D_4023,2
1D_4026,2
1D_402A,2
1D_402B,2
1D_4038,2
1D_4039,2
1D_403C,2
1D_403D,2
1D_4041,2
1D_404A,2
1D_404B,2
1D_404D,2
1D_404E,2
1D_4054,2
1D_4060,2
1D_4062,2
1D_4067,2
1D_406B,2
1D_406F,2
1D_4070,2
1D_4071,2
1D_4072,2
1D_4073,2
1D_4077,2
1D_407A,2
1D_407B,2
1D_407C,2
1D_4082,2
1D_4085,2
1D_4086,2
1D_4089,2
1D_408A,2
1D_408B,2
1D_408E,2
1D_4090,2
1D_4092,2
1D_4093,2
1D_4094,2
1D_4099,2
1D_409B,2
1D_409C,2
1D_40A1,2
1D_40A7,2
1D_40A9,2
1D_40AE,2
1D_40B1,2
1D_40B2,2
1D_40B4,2
1D_40B5,2
1D_40C4,2
1D_40C5,2
1D_40CB,2
1D_40D1,2
1D_40D5,2
1D_40D7,2
1D_40DB,2
1D_40DF,2
1D_40E4,2
1D_40E7,2
1D_40E8,2
1D_40EF,2
1D_40F2,2
1D_40F3,2
1D_40F4,2
1D_40F8,2
1D_40FB,2
1D_40FE,2
1D_40FF,2
1D_4100,2
1D_4108,2
1D_4113,2
1D_4118,2
1D_411B,2
1D_411E,2
1D_411F,2
1D_4121,2
1D_4123,2
1D_4126,2
1D_4127,2
1D_412A,2
1D_412B,2
1D_412E,2
1D_4130,2
1D_4131,2
1D_4136,2
1D_4139,2
1D_413A,2
1D_413B,2
1D_413D,2
1D_413E,2
1D_413F,2
1D_4146,2
1D_4148,2
1D_4149,2
1D_414B,2
1D_414C,2
1D_414F,2
1D_4151,2
1D_4152,2
1D_4154,2
1D_4156,2
1D_4157,2
1D_415B,2
1D_4167,2
1D_4168,2
1D_416D,2
1D_4170,2
1D_4172,2
1D_4177,2
1D_4178,2
1D_417A,2
1D_417E,2
1D_4181,2
1D_4184,2
1D_4185,2
1D_4187,2
1D_418F,2
1D_4195,2
1D_4197,2
1D_4198,2
1D_419B,2
1D_41AB,2
1D_41AE,2
1D_41B0,2
1D_41B1,2
1D_41B4,2
1D_41B7,2
1D_41C0,2
1D_41C7,2
1D_41C8,2
1D_41CA,2
1D_41D0,2
1D_41D4,2
1D_41D5,2
1D_41D8,2
1D_41DC,2
1D_41DF,2
1D_41E1,2
1D_41E5,2
1D_41E8,2
1D_41EF,2
1D_41F0,2
1D_41F4,2
1D_41F7,2
1D_41FA,2
1D_41FD,2
1D_4205,2
1D_4206,2
1D_4208,2
1D_4209,2
1D_420A,2
1D_420B,2
1D_4211,2
1D_4212,2
1D_421A,2
1D_421D,2
1D_4221,2
1D_4226,2
1D_4227,2
1D_4229,2
1D_422C,2
1D_422E,2
1D_422F,2
1D_4230,2
1D_4231,2
1D_4233,2
1D_4242,2
1D_4246,2
1D_4250,2
1D_4257,2
1D_4259,2
1D_425B,2
1D_4265,2
1D_4268,2
1D_4269,2
1D_4270,2
1D_4274,2
1D_4275,2
1D_427C,2
1D_4281,2
1D_428C,2
1D_428D,2
1D_428F,2
1D_4292,2
1D_4295,2
1D_429A,2
1D_42A1,2
1D_42A7,2
1D_42AC,2
1D_42AF,2
1D_42B0,2
1D_42B3,2
1D_42B4,2
1D_42B9,2
1D_42BA,2
1D_42BF,2
1D_42C7,2
1D_42C8,2
1D_42D0,2
1D_42D6,2
1D_42D9,2
1D_42DB,2
1D_42DC,2
1D_42DD,2
1D_42E1,2
1D_42E2,2
1D_42E4,2
1D_42E6,2
1D_42E7,2
1D_42E9,2
1D_42F1,2
1D_42F2,2
1D_42F4,2
1D_42F7,2
1D_4300,2
1D_4305,2
1D_4307,2
1D_4309,2
1D_430A,2
1D_430F,2
1D_4315,2
1D_4319,2
1D_431A,2
1D_431D,2
1D_431E,2
1D_431F,2
1D_4320,2
1D_4321,2
1D_4323,2
1D_4326,2
1D_432D,2
1D_432E,2
1D_4333,2
1D_4334,2
1D_4337,2
1D_433A,2
1D_433D,2
1D_433F,2
1D_4341,2
1D_4343,2
1D_4347,2
1D_434B,2
1D_434E,2
1D_4356,2
1D_435C,2
1D_4360,2
1D_4361,2
1D_4366,2
1D_4367,2
1D_4368,2
1D_436E,2
1D_436F,2
1D_4373,2
1D_4374,2
1D_4378,2
1D_4379,2
1D_437C,2
1D_437D,2
1D_4381,2
1D_4386,2
1D_4387,2
1D_4388,2
1D_4391,2
1D_4393,2
1D_4397,2
1D_439B,2
1D_439D,2
1D_439E,2
1D_43AA,2
1D_43AD,2
1D_43B0,2
1D_43B4,2
1D_43B6,2
1D_43BB,2
1D_43C1,2
1D_43C3,2
1D_43C4,2
1D_43C9,2
1D_43CD,2
1D_43D2,2
1D_43DB,2
1D_43DD,2
1D_43E3,2
1D_43E9,2
1D_43ED,2
1D_43F0,2
1D_43F8,2
1D_43F9,2
1D_43FC,2
1D_4400,2
1D_4402,2
1D_4409,2
1D_440B,2
1D_440D,2
1D_440F,2
1D_4411,2
1D_4414,2
1D_4415,2
1D_441C,2
1D_441E,2
1D_441F,2
1D_4423,2
1D_4427,2
1D_4430,2
1D_4437,2
1D_4438,2
1D_4439,2
1D_443A,2
1D_443B,2
1D_4440,2
1D_4446,2
1D_4449,2
1D_444B,2
1D_444C,2
1D_444D,2
1D_444F,2
1D_4455,2
1D_4456,2
1D_4458,2
1D_4461,2
1D_4464,2
1D_4471,2
1D_4472,2
1D_4473,2
1D_4475,2
1D_447B,2
1D_447D,2
1D_448B,2
1D_4493,2
1D_449A,2
1D_449B,2
1D_44A1,2
1D_44A2,2
1D_44A3,2
1D_44AC,2
1D_44AD,2
1D_44AF,2
1D_44B0,2
1D_44B2,2
1D_44B3,2
1D_44B5,2
1D_44B6,2
1D_44B8,2
1D_44C0,2
1D_44C1,2
1D_44C8,2
1D_44CD,2
1D_44CE,2
1D_44D0,2
1D_44D2,2
1D_44D6,2
1D_44D8,2
1D_44DA,2
1D_44DB,2
1D_44E2,2
1D_44E4,2
1D_44E5,2
1D_44E6,2
1D_44E7,2
1D_44E9,2
1D_44EC,2
1D_44F1,2
1D_44FD,2
1D_44FE,2
1D_44FF,2
1D_4501,2
1D_4505,2
1D_4507,2
1D_450A,2
1D_450B,2
1D_450C,2
1D_4510,2
1D_4514,2
1D_4515,2
1D_4516,2
1D_4517,2
1D_4519,2
1D_451C,2
1D_4521,2
1D_4525,2
1D_4529,2
1D_452A,2
1D_452D,2
1D_4530,2
1D_4533,2
1D_4537,2
1D_4538,2
1D_4539,2
1D_453A,2
1D_453B,2
1D_4541,2
1D_4547,2
1D_454A,2
1D_454F,2
1D_4555,2
1D_4557,2
1D_4558,2
1D_455B,2
1D_4561,2
1D_4563,2
1D_4564,2
1D_4565,2
1D_456B,2
1D_4575,2
1D_457D,2
1D_4582,2
1D_4583,2
1D_458B,2
1D_458C,2
1D_4594,2
1D_4597,2
1D_459A,2
1D_459B,2
1D_459C,2
1D_459D,2
1D_45A3,2
1D_45A6,2
1D_45A8,2
1D_45B3,2
1D_45B5,2
1D_45B9,2
1D_45C2,2
1D_45C6,2
1D_45C7,2
1D_45C8,0
1D_45CA,0
1D_45CB,0
1D_45CF,0
1D_45D7,0
1D_45D9,0
1D_45DA,0
1D_45DB,0
1D_45DD,0
1D_45E4,0
1D_45E6,0
1D_45EB,0
1D_45EC,0
1D_45EF,0
1D_45F0,0
1D_45F2,0
1D_45F8,0
1D_45F9,0
1D_45FC,0
1D_45FE,0
1D_4600,0
1D_4606,0
1D_4607,0
1D_4608,0
1D_460A,0
1D_460E,0
1D_4610,0
1D_4613,0
1D_461F,0
1D_4622,0
1D_462C,0
1D_462F,0
1D_4630,0
1D_4631,0
1D_4633,0
1D_4637,0
1D_463E,0
1D_463F,0
1D_4640,0
1D_4642,0
1D_4644,0
1D_464E,0
1D_464F,0
1D_4650,0
1D_4651,0
1D_4652,0
1D_4655,0
1D_4657,0
1D_465B,0
1D_465C,0
1D_465E,0
1D_4660,0
1D_4661,0
1D_4663,0
1D_4664,0
1D_4667,0
1D_466B,0
1D_466E,0
1D_4673,0
1D_4674,0
1D_4677,0
1D_4678,0
1D_467B,0
1D_467D,0
1D_467F,0
1D_4681,0
1D_4682,0
1D_4684,0
1D_4686,0
1D_4690,0
1D_4691,0
1D_4692,0
1D_4695,0
1D_4696,0
1D_4698,0
1D_469C,0
1D_469F,0
1D_46A3,0
1D_46AF,0
1D_46B3,0
1D_46B4,0
1D_46B7,0
1D_46BE,0
1D_46C5,0
1D_46C8,0
1D_46CA,0
1D_46D1,0
1D_46D5,0
1D_46D7,0
1D_46DA,0
1D_46DD,0
1D_46DE,0
1D_46E4,0
1D_46E7,0
1D_46EA,0
1D_46F0,0
1D_46F2,0
1D_46F3,0
1D_46F4,0
1D_46F7,0
1D_46F8,0
1D_46FE,0
1D_46FF,0
1D_4701,0
1D_4702,0
1D_4705,0
1D_470A,0
1D_470E,0
1D_4712,0
1D_4714,0
1D_471C,0
1D_4722,0
1D_4726,0
1D_472A,0
1D_4731,0
1D_473B,0
1D_473C,0
1D_473F,0
1D_4742,0
1D_4744,0
1D_474D,0
1D_474E,0
1D_4750,0
1D_4757,0
1D_4758,0
1D_475A,0
1D_475E,0
1D_4761,0
1D_4767,0
1D_4769,0
1D_476A,0
1D_476B,0
1D_4770,0
1D_4771,0
1D_4772,0
1D_4776,0
1D_4789,0
1D_478D,0
1D_4792,0
1D_4794,0
1D_479B,0
1D_479D,0
1D_47A0,0
1D_47A3,0
1D_47AA,0
1D_47AB,0
1D_47AE,0
1D_47B1,0
1D_47B6,0
1D_47B7,0
1D_47B8,0
1D_47BB,0
1D_47C2,0
1D_47C3,0
1D_47C4,0
1D_47C6,0
1D_47C7,0
1D_47CA,0
1D_47D0,0
1D_47D5,0
1D_47D6,0
1D_47DB,0
1D_47DD,0
1D_47E1,0
1D_47E3,0
1D_47E7,0
1D_47E8,0
1D_47E9,0
1D_47F0,0
1D_47F1,0
1D_47F3,0
1D_47F7,0
1D_47FC,0
1D_4801,0
1D_4802,0
1D_4803,0
1D_4806,0
1D_4808,0
1D_480F,0
1D_4811,0
1D_4812,0
1D_4818,0
1D_481F,0
1D_4826,0
1D_482A,0
1D_482B,0
1D_4830,0
1D_4833,0
1D_4837,0
1D_483C,0
1D_4841,0
1D_4843,0
1D_484D,0
1D_4852,0
1D_4853,0
1D_485A,0
1D_485D,0
1D_4862,0
1D_4864,0
1D_4865,0
1D_486F,0
1D_4872,0
1D_4876,0
1D_4878,0
1D_487A,0
1D_487D,0
1D_4882,0
1D_4884,0
1D_488D,0
1D_488E,0
1D_488F,0
1D_4896,0
1D_4897,0
1D_4898,0
1D_489C,0
1D_489D,0
1D_489F,0
1D_48A4,0
1D_48A5,2
1D_48A7,0
1D_48AC,0
1D_48AE,2
1D_48AF,0
1D_48B0,0
1D_48B4,0
1D_48B7,0
1D_48B9,0
1D_48C1,0
1D_48C3,0
1D_48C4,0
1D_48C6,0
1D_48CD,0
1D_48D1,0
1D_48D4,0
1D_48D8,0
1D_48DF,0
1D_48E4,0
1D_48E5,0
1D_48E8,0
1D_48E9,0
1D_48EA,0
1D_48EE,0
1D_48EF,0
1D_48F1,0
1D_48F4,0
1D_48FA,0
1D_48FB,0
1D_490C,0
1D_490D,0
1D_4911,0
1D_4913,0
1D_4915,0
1D_4916,0
1D_491B,0
1D_491E,0
1D_4921,0
1D_4927,0
1D_4928,0
1D_4931,0
1D_4939,0
1D_493A,0
1D_493B,0
1D_493D,0
1D_4942,0
1D_4943,0
1D_4944,0
1D_4946,0
1D_4947,0
1D_4948,0
1D_494E,0
1D_4951,0
1D_4956,0
1D_4958,0
1D_4959,0
1D_495E,0
1D_495F,0
1D_4960,0
1D_4968,0
1D_496B,0
1D_4973,0
1D_4977,0
1D_4980,0
1D_4984,0
1D_4985,0
1D_4987,0
1D_4989,0
1D_4990,0
1D_499F,0
1D_49A2,0
1D_49AB,0
1D_49AC,0
1D_49AE,0
1D_49B0,0
1D_49B2,0
1D_49B5,0
1D_49B6,0
1D_49B8,0
1D_49B9,0
1D_49BA,0
1D_49C0,0
1D_49C3,0
1D_49C6,0
1D_49CA,0
1D_49CB,0
1D_49CD,0
1D_49CE,0
1D_49D1,0
1D_49D3,0
1D_49D8,0
1D_49D9,0
1D_49DA,0
1D_49DC,0
1D_49DE,0
1D_49E3,0
1D_49EA,0
1D_49EC,0
1D_49EF,0
1D_49F4,0
1D_49FB,0
1D_4A00,0
1D_4A02,0
1D_4A05,0
1D_4A06,0
1D_4A07,0
1D_4A0E,0
1D_4A0F,0
1D_4A12,0
1D_4A1A,0
1D_4A1B,0
1D_4A1E,0
1D_4A27,0
1D_4A29,0
1D_4A2A,0
1D_4A2D,0
1D_4A2E,0
1D_4A37,0
1D_4A38,0
1D_4A3A,0
1D_4A3D,0
1D_4A3E,0
1D_4A3F,0
1D_4A42,0
1D_4A49,0
1D_4A4C,0
1D_4A52,0
1D_4A53,0
1D_4A55,0
1D_4A5A,0
1D_4A5B,0
1D_4A5D,0
1D_4A61,0
1D_4A64,0
1D_4A68,0
1D_4A69,0
1D_4A6C,0
1D_4A6D,0
1D_4A6F,0
1D_4A72,0
1D_4A73,0
1D_4A7B,0
1D_4A7D,0
1D_4A7E,0
1D_4A84,0
1D_4A87,0
1D_4A88,0
1D_4A89,0
1D_4A8A,0
1D_4A8D,0
1D_4A91,0
1D_4A92,0
1D_4A93,0
1D_4A99,0
1D_4A9E,0
1D_4AA1,0
1D_4AA8,0
1D_4AAD,0
1D_4AB1,0
1D_4AB4,0
1D_4AB7,0
1D_4ABA,0
1D_4ABE,0
1D_4AC1,0
1D_4AC2,0
1D_4AC3,0
1D_4AC8,0
1D_4ACA,0
1D_4ACB,0
1D_4AD3,0
1D_4AD8,0
1D_4ADF,0
1D_4AE4,0
1D_4AEA,0
1D_4AEB,0
1D_4AED,0
1D_4AEE,0
1D_4AF0,0
1D_4AF2,0
1D_4AF3,0
1D_4AF4,0
1D_4AF6,0
1D_4AF9,0
1D_4AFB,0
1D_4AFD,0
1D_4B01,0
1D_4B0C,0
1D_4B11,0
1D_4B13,0
1D_4B18,0
1D_4B1A,0
1D_4B20,0
1D_4B25,0
1D_4B2F,0
1D_4B3D,0
1D_4B3E,0
1D_4B40,0
1D_4B42,0
1D_4B44,0
1D_4B48,0
1D_4B4E,0
1D_4B4F,0
1D_4B52,0
1D_4B5A,0
1D_4B5B,0
1D_4B5E,0
1D_4B63,0
1D_4B64,0
1D_4B66,0
1D_4B68,0
1D_4B6D,0
1D_4B6E,0
1D_4B6F,0
1D_4B72,0
1D_4B73,0
1D_4B78,0
1D_4B79,0
1D_4B7B,0
1D_4B7C,0
1D_4B82,0
1D_4B83,0
1D_4B85,0
1D_4B87,0
1D_4B8A,0
1D_4B8B,0
1D_4B8E,0
1D_4B95,0
1D_4B96,0
1D_4B9C,0
1D_4B9E,0
1D_4BA0,0
1D_4BA1,0
1D_4BA7,0
1D_4BAA,0
1D_4BAB,0
1D_4BAE,0
1D_4BB0,0
1D_4BB7,0
1D_4BBA,0
1D_4BBE,0
1D_4BBF,0
1D_4BC0,0
1D_4BC2,0
1D_4BC4,0
1D_4BC5,0
1D_4BC8,0
1D_4BCC,0
1D_4BCE,0
1D_4BCF,0
1D_4BD2,0
1D_4BD9,0
1D_4BE0,0
1D_4BE1,0
1D_4BE2,0
1D_4BF1,0
1D_4BF3,0
1D_4BF9,0
1D_4BFA,0
1D_4BFB,0
1D_4BFD,0
1D_4C01,0
1D_4C09,0
1D_4C0A,0
1D_4C0B,0
1D_4C0C,0
1D_4C0D,0
1D_4C0E,0
1D_4C10,0
1D_4C14,0
1D_4C17,0
1D_4C1F,0
1D_4C20,0
1D_4C24,0
1D_4C25,0
1D_4C26,0
1D_4C29,0
1D_4C2A,0
1D_4C2F,0
1D_4C31,0
1D_4C35,0
1D_4C37,0
1D_4C3A,0
1D_4C3B,0
1D_4C3C,0
1D_4C40,0
1D_4C41,0
1D_4C42,0
1D_4C47,0
1D_4C4C,0
1D_4C50,0
1D_4C55,0
1D_4C57,0
1D_4C58,0
1D_4C66,0
1D_4C6B,0
1D_4C6E,0
1D_4C6F,0
1D_4C72,0
1D_4C73,0
1D_4C77,0
1D_4C78,0
1D_4C7C,0
1D_4C7F,0
1D_4C83,0
1D_4C84,0
1D_4C85,0
1D_4C86,0
1D_4C87,0
1D_4C8D,0
1D_4C8E,0
1D_4C8F,0
1D_4C90,0
1D_4C93,0
1D_4C95,0
1D_4C96,0
1D_4C9C,0
1D_4CA2,0
1D_4CA3,0
1D_4CA4,0
1D_4CAA,0
1D_4CAB,0
1D_4CB0,0
1D_4CB5,0
1D_4CB9,0
1D_4CBE,0
1D_4CC1,0
1D_4CC5,0
1D_4CC6,0
1D_4CD4,0
1D_4CD6,0
1D_4CD8,0
1D_4CD9,0
1D_4CDB,0
1D_4CDC,0
1D_4CDE,0
1D_4CE2,0
1D_4CE4,0
1D_4CE6,0
1D_4CEC,0
1D_4CF7,2
1D_4CFA,2
1D_4CFE,2
1D_4D00,2
1D_4D01,2
1D_4D07,2
1D_4D0E,2
1D_4D10,2
1D_4D12,2
1D_4D18,2
1D_4D1A,2
1D_4D1D,2
1D_4D28,2
1D_4D2A,2
1D_4D2C,2
1D_4D2D,2
1D_4D2E,2
1D_4D30,2
1D_4D31,2
1D_4D32,2
1D_4D3C,2
1D_4D3E,2
1D_4D42,2
1D_4D43,2
1D_4D45,2
1D_4D47,2
1D_4D48,2
1D_4D4A,2
1D_4D4B,2
1D_4D4D,2
1D_4D54,2
1D_4D55,2
1D_4D56,2
1D_4D5E,2
1D_4D60,2
1D_4D62,2
1D_4D65,2
1D_4D69,2
1D_4D70,2
1D_4D72,2
1D_4D74,2
1D_4D7B,2
1D_4D7F,2
1D_4D82,2
1D_4D83,2
1D_4D84,2
1D_4D86,2
1D_4D87,2
1D_4D89,2
1D_4D8A,2
1D_4D8C,2
1D_4D8D,2
1D_4D8E,2
1D_4D8F,2
1D_4D90,2
1D_4D95,2
1D_4D99,2
1D_4D9E,2
1D_4D9F,2
1D_4DA1,2
1D_4DA3,2
1D_4DA4,2
1D_4DAE,2
1D_4DAF,2
1D_4DB5,2
1D_4DBB,2
1D_4DBC,2
1D_4DBD,2
1D_4DBE,2
1D_4DBF,2
1D_4DC1,2
1D_4DC5,2
1D_4DC6,2
1D_4DCD,2
1D_4DCE,2
1D_4DCF,2
1D_4DD1,2
1D_4DD4,2
1D_4DD8,2
1D_4DDE,2
1D_4DE7,2
1D_4DE9,2
1D_4DEA,2
1D_4DEC,2
1D_4DED,2
1D_4DEE,2
1D_4DF6,2
1D_4DF8,2
1D_4DFA,2
1D_4DFC,2
1D_4DFD,2
1D_4DFE,2
1D_4E01,2
1D_4E02,2
1D_4E04,2
1D_4E09,2
1D_4E0A,2
1D_4E0B,2
1D_4E0D,2
1D_4E11,2
1D_4E15,2
1D_4E19,2
1D_4E1B,2
1D_4E1C,2
1D_4E1D,2
1D_4E21,2
1D_4E22,2
1D_4E25,2
1D_4E2D,2
1D_4E2E,2
1D_4E31,2
1D_4E32,2
1D_4E34,2
1D_4E36,2
1D_4E39,2
1D_4E3E,2
1D_4E3F,2
1D_4E40,2
1D_4E45,2
1D_4E47,2
1D_4E51,2
1D_4E55,2
1D_4E58,2
1D_4E5A,2
1D_4E5D,2
1D_4E5F,2
1D_4E60,2
1D_4E68,2
1D_4E69,2
1D_4E6C,2
1D_4E71,2
1D_4E73,2
1D_4E78,2
1D_4E79,2
1D_4E7A,2
1D_4E7B,2
1D_4E7E,2
1D_4E7F,2
1D_4E80,2
1D_4E81,2
1D_4E84,2
1D_4E8B,2
1D_4E91,2
1D_4E92,2
1D_4E96,2
1D_4E98,2
1D_4E99,2
1D_4E9C,2
1D_4E9D,2
1D_4E9E,2
1D_4EA0,2
1D_4EA1,2
1D_4EA2,2
1D_4EA7,2
1D_4EAA,2
1D_4EB1,2
1D_4EB3,2
1D_4EB9,2
1D_4EBD,2
1D_4EC5,2
1D_4EC6,2
1D_4EC7,2
1D_4ED4,2
1D_4ED7,2
1D_4ED8,2
1D_4EDB,2
1D_4EDC,2
1D_4EE3,2
1D_4EEA,2
1D_4EEE,2
1D_4EEF,2
1D_4EF0,2
1D_4EF2,2
1D_4EFA,2
1D_4EFD,2
1D_4F04,2
1D_4F06,2
1D_4F0B,2
1D_4F0E,2
1D_4F10,2
1D_4F12,2
1D_4F14,2
1D_4F15,2
1D_4F19,2
1D_4F1E,2
1D_4F22,2
1D_4F24,2
1D_4F2B,2
1D_4F30,2
1D_4F32,2
1D_4F33,2
1D_4F34,2
1D_4F3C,2
1D_4F3E,2
1D_4F3F,2
1D_4F43,2
1D_4F45,2
1D_4F49,2
1D_4F4A,2
1D_4F50,2
1D_4F51,2
1D_4F53,2
1D_4F59,2
1D_4F5D,2
1D_4F5E,2
1D_4F5F,2
1D_4F64,2
1D_4F66,2
1D_4F6A,2
1D_4F74,2
1D_4F79,2
1D_4F7D,2
1D_4F87,2
1D_4F8B,2
1D_4F8E,2
1D_4F93,2
1D_4F96,2
1D_4F98,2
1D_4F99,2
1D_4F9B,2
1D_4F9C,2
1D_4FA0,2
1D_4FA2,2
1D_4FA3,2
1D_4FA6,2
1D_4FAC,2
1D_4FAE,2
1D_4FB0,2
1D_4FB2,2
1D_4FB6,2
1D_4FB7,2
1D_4FBA,2
1D_4FBC,2
1D_4FBD,2
1D_4FBF,2
1D_4FC2,2
1D_4FC5,2
1D_4FCD,2
1D_4FCE,2
1D_4FCF,2
1D_4FD2,2
1D_4FD4,2
1D_4FD5,2
1D_4FDA,2
1D_4FDC,2
1D_4FDD,2
1D_4FDF,2
1D_4FE0,2
1D_4FE2,2
1D_4FE8,2
1D_4FED,2
1D_4FEF,2
1D_4FF5,2
1D_4FFA,2
1D_4FFD,2
1D_5000,2
1D_5002,2
1D_5003,2
1D_5004,2
1D_5005,2
1D_5008,2
1D_5009,2
1D_500A,2
1D_500E,2
1D_5010,2
1D_5012,2
1D_5016,2
1D_501B,2
1D_501F,2
1D_5020,2
1D_5027,2
1D_5028,2
1D_502D,2
1D_502E,2
1D_5032,2
1D_5035,2
1D_503A,2
1D_503D,2
1D_503E,2
1D_5041,2
1D_5042,2
1D_5049,2
1D_504D,2
1D_5052,2
1D_5053,2
1D_5054,2
1D_505A,2
1D_5068,2
1D_506F,2
1D_5071,2
1D_507C,2
1D_5085,2
1D_5087,2
1D_508B,2
1D_508C,2
1D_5094,2
1D_5099,2
1D_509A,2
1D_509E,2
1D_50A1,2
1D_50A3,2
1D_50A4,2
1D_50A6,2
1D_50A7,2
1D_50A8,2
1D_50B5,2
1D_50B8,2
1D_50BE,2
1D_50C1,2
1D_50C3,2
1D_50C6,2
1D_50C7,2
1D_50CC,2
1D_50D3,2
1D_50D6,2
1D_50D7,2
1D_50DA,2
1D_50DB,2
1D_50DE,2
1D_50DF,2
1D_50E0,2
1D_50E2,2
1D_50E5,2
1D_50E7,2
1D_50F2,2
1D_50F4,2
1D_50F8,2
1D_50FB,2
1D_50FC,2
1D_50FE,2
1D_5107,2
1D_5108,2
1D_5110,2
1D_5116,2
1D_511A,2
1D_511C,2
1D_5121,2
1D_5124,2
1D_5125,2
1D_512D,2
1D_5130,2
1D_5131,2
1D_5132,2
1D_5138,2
1D_513F,2
1D_5141,2
1D_5142,2
1D_5143,2
1D_5145,2
1D_5149,2
1D_514A,2
1D_514E,2
1D_514F,2
1D_5150,2
1D_5155,2
1D_5156,2
1D_515D,2
1D_5162,2
1D_5165,2
1D_516C,2
1D_516E,2
1D_5174,2
1D_5175,2
1D_5176,2
1D_517A,2
1D_517B,2
1D_517D,2
1D_5188,2
1D_518B,2
1D_518C,2
1D_518D,2
1D_518E,2
1D_5191,2
1D_5192,2
1D_5193,2
1D_519A,2
1D_519D,2
1D_519E,2
1D_51A0,2
1D_51A1,2
1D_51A3,2
1D_51A5,2
1D_51AA,2
1D_51AD,2
1D_51B0,2
1D_51B1,2
1D_51B4,2
1D_51B5,2
1D_51BD,2
1D_51C0,2
1D_51C2,2
1D_51C4,2
1D_51C7,2
1D_51CB,2
1D_51D0,2
1D_51D8,2
1D_51D9,2
1D_51DA,2
1D_51DE,2
1D_51DF,2
1D_51E3,2
1D_51EE,2
1D_51F0,2
1D_51F2,2
1D_51F6,2
1D_51FA,2
1D_51FC,2
1D_5200,2
1D_5203,2
1D_5206,2
1D_5208,2
1D_520E,2
1D_5210,2
1D_5212,2
1D_5215,2
1D_5218,2
1D_521A,2
1D_521F,2
1D_5224,2
1D_5228,2
1D_522A,2
1D_522D,2
1D_522F,2
1D_5230,2
1D_5234,2
1D_5236,2
1D_523A,2
1D_523B,2
1D_5240,2
1D_5245,2
1D_5248,2
1D_5249,2
1D_524B,2
1D_5251,2
1D_5257,2
1D_525A,2
1D_525B,2
1D_525C,2
1D_5261,2
1D_5265,2
1D_5266,2
1D_5269,2
1D_526C,2
1D_526D,2
1D_526E,2
1D_5270,2
1D_5271,2
1D_5272,2
1D_5274,2
1D_5277,2
1D_5279,2
1D_527B,2
1D_527C,2
1D_527D,2
1D_5280,2
1D_5283,2
1D_5287,2
1D_5288,2
1D_5289,2
1D_528B,2
1D_528F,2
1D_5292,2
1D_5293,2
1D_5294,2
1D_5298,2
1D_529B,2
1D_52A2,2
1D_52A4,2
1D_52A5,2
1D_52A6,2
1D_52A7,2
1D_52A8,2
1D_52AA,2
1D_52AF,2
1D_52B1,2
1D_52B5,2
1D_52B6,2
1D_52B7,2
1D_52C0,2
1D_52C2,2
1D_52C5,2
1D_52C8,2
1D_52D5,2
1D_52D6,2
1D_52D7,2
1D_52D8,2
1D_52DF,2
1D_52E1,2
1D_52E2,2
1D_52E3,2
1D_52E5,2
1D_52E7,2
1D_52E8,2
1D_52E9,2
1D_52EB,2
1D_52F2,2
1D_52F5,2
1D_52F6,2
1D_52F7,2
1D_52FF,2
1D_5303,2
1D_530A,2
1D_530C,2
1D_531B,2
1D_531C,2
1D_531D,2
1D_531F,2
1D_5320,2
1D_5321,2
1D_5322,2
1D_5325,2
1D_532B,2
1D_532C,2
1D_532E,2
1D_5331,2
1D_5336,2
1D_533A,2
1D_533E,2
1D_5345,2
1D_534A,2
1D_534B,2
1D_5352,2
1D_5355,2
1D_5358,2
1D_535F,2
1D_5362,2
1D_5363,2
1D_5369,2
1D_536A,2
1D_536C,2
1D_536E,2
1D_5372,2
1D_5374,2
1D_5378,2
1D_5379,2
1D_537F,2
1D_5383,2
1D_5387,2
1D_538B,2
1D_5392,2
1D_5396,2
1D_5397,2
1D_53A3,2
1D_53A4,2
1D_53A5,2
1D_53A6,2
1D_53A9,2
1D_53B1,2
1D_53B3,2
1D_53B7,2
1D_53BA,2
1D_53BD,2
1D_53C0,2
1D_53C3,2
1D_53C8,2
1D_53CA,2
1D_53CD,2
1D_53D2,2
1D_53D4,2
1D_53D6,2
1D_53DA,2
1D_53E0,2
1D_53E3,2
1D_53E5,2
1D_53E6,2
1D_53ED,2
1D_53EE,2
1D_53EF,2
1D_53F2,2
1D_53F4,2
1D_53F5,2
1D_53F6,2
1D_53F8,2
1D_53F9,2
1D_53FF,2
1D_5403,2
1D_5407,2
1D_5409,2
1D_540A,2
1D_540D,2
1D_540F,2
1D_5417,2
1D_5418,2
1D_5419,2
1D_541B,2
1D_5425,2
1D_5427,2
1D_542A,2
1D_542C,2
1D_542E,2
1D_5434,2
1D_5437,2
1D_543B,2
1D_543C,2
1D_543E,2
1D_5442,2
1D_5443,2
1D_5447,2
1D_5449,2
1D_544C,2
1D_544E,2
1D_544F,2
1D_5453,2
1D_5454,2
1D_5455,2
1D_5456,2
1D_5457,2
1D_5458,2
1D_545C,2
1D_545D,2
1D_5461,2
1D_5462,2
1D_5466,2
1D_5468,2
1D_546B,2
1D_546C,2
1D_5477,2
1D_5478,2
1D_547A,2
1D_547B,2
1D_5484,2
1D_5487,2
1D_548B,2
1D_548E,2
1D_548F,2
1D_5492,2
1D_5494,2
1D_549C,2
1D_54A0,0
1D_54A6,0
1D_54A8,0
1D_54AA,0
1D_54AC,0
1D_54AD,0
1D_54AE,0
1D_54AF,0
1D_54B2,0
1D_54B3,0
1D_54BB,0
1D_54BC,0
1D_54C8,0
1D_54CC,0
1D_54CE,0
1D_54D3,0
1D_54D4,0
1D_54D7,0
1D_54D8,0
1D_54E3,0
1D_54E5,0
1D_54E6,0
1D_54E9,0
1D_54ED,0
1D_54F0,0
1D_54F3,0
1D_54F9,0
1D_54FC,0
1D_54FD,0
1D_5501,0
1D_5505,0
1D_550A,0
1D_550B,0
1D_5512,0
1D_5514,0
1D_5517,0
1D_5518,0
1D_5519,0
1D_551E,0
1D_5526,0
1D_552A,0
1D_552D,0
1D_552E,0
1D_552F,0
1D_5534,0
1D_5538,0
1D_553F,0
1D_5540,0
1D_5541,0
1D_5542,0
1D_5545,0
1D_5546,0
1D_5547,0
1D_5549,0
1D_554A,0
1D_554F,0
1D_5551,0
1D_5558,0
1D_555F,0
1D_5561,0
1D_5562,0
1D_5564,0
1D_5566,0
1D_5568,0
1D_556A,0
1D_556B,0
1D_5570,0
1D_5571,0
1D_5572,0
1D_5573,0
1D_5575,0
1D_557A,0
1D_5582,0
1D_5583,0
1D_5585,0
1D_5586,0
1D_558B,0
1D_558C,0
1D_558D,0
1D_558F,2
1D_5590,2
1D_5592,2
1D_5597,2
1D_559C,2
1D_559E,2
1D_55A1,2
1D_55A5,2
1D_55A7,2
1D_55A9,2
1D_55AB,2
1D_55AC,2
1D_55AD,2
1D_55B2,2
1D_55BC,2
1D_55BD,2
1D_55C0,2
1D_55C1,2
1D_55C2,2
1D_55C7,2
1D_55CB,2
1D_55CD,2
1D_55D0,2
1D_55D2,2
1D_55D3,2
1D_55D4,2
1D_55DB,2
1D_55E5,2
1D_55EB,2
1D_55ED,2
1D_55F9,2
1D_55FA,2
1D_55FC,2
1D_55FF,2
1D_5600,2
1D_5608,2
1D_560A,2
1D_560C,2
1D_560F,2
1D_5612,2
1D_5613,2
1D_5614,2
1D_5619,2
1D_561A,2
1D_561B,2
1D_5621,2
1D_5629,2
1D_562B,2
1D_5631,2
1D_5635,2
1D_5639,2
1D_563B,2
1D_563C,2
1D_563E,2
1D_5642,2
1D_5644,2
1D_5646,2
1D_5648,2
1D_564D,0
1D_564E,0
1D_5650,0
1D_5658,0
1D_5659,0
1D_5660,0
1D_5661,0
1D_5666,0
1D_566C,0
1D_566D,0
1D_5671,0
1D_5672,0
1D_5677,0
1D_5681,2
1D_5683,2
1D_5685,2
1D_5686,2
1D_568F,2
1D_5698,2
1D_5699,2
1D_569E,2
1D_56A0,2
1D_56A7,2
1D_56A8,2
1D_56AE,2
1D_56B0,2
1D_56B4,2
1D_56B8,2
1D_56BA,2
1D_56C1,2
1D_56C3,2
1D_56C4,2
1D_56CB,2
1D_56D6,2
1D_56DD,2
1D_56E2,2
1D_56E4,2
1D_56E5,2
1D_56E6,2
1D_56E9,2
1D_56EC,2
1D_56F3,2
1D_56F6,2
1D_56F8,2
1D_56FD,2
1D_5703,2
1D_5704,2
1D_570B,0
1D_570D,0
1D_570F,0
1D_5714,0
1D_5716,0
1D_5717,0
1D_5718,0
1D_571A,0
1D_571B,0
1D_571F,0
1D_5722,0
1D_5724,0
1D_5727,0
1D_5729,0
1D_572A,0
1D_572B,0
1D_5730,0
1D_5732,0
1D_5733,0
1D_5734,0
1D_573C,0
1D_573F,0
1D_5742,0
1D_575A,0
1D_575B,0
1D_575C,0
1D_5760,0
1D_5766,0
1D_5774,0
1D_5776,0
1D_577C,0
1D_577F,0
1D_5780,0
1D_5786,0
1D_5791,0
1D_5793,0
1D_5798,0
1D_5799,0
1D_579D,0
1D_57A1,0
1D_57AB,0
1D_57AD,0
1D_57AF,0
1D_57B5,0
1D_57B7,0
1D_57BA,0
1D_57BF,0
1D_57C0,0
1D_57C5,0
1D_57C6,0
1D_57CE,0
1D_57D1,0
1D_57D6,0
1D_57DF,0
1D_57E0,0
1D_57E3,0
1D_57E5,0
1D_57F2,0
1D_57F3,0
1D_57F6,0
1D_57F8,0
1D_57FA,0
1D_57FF,0
1D_5808,0
1D_5809,0
1D_580E,0
1D_5814,0
1D_5821,0
1D_5825,0
1D_582B,0
1D_582C,0
1D_582D,0
1D_582E,0
1D_582F,0
1D_5830,0
1D_5832,0
1D_5834,0
ID_00346bxla86,2
ID_00419ould49,2
ID_00438nqjq82,0
ID_00594mtuq45,0
ID_00754hdcv32,2
ID_00762yfbn68,2
ID_00kgwwh0596,0
ID_01071qnzy33,2
ID_01501ddav14,0
ID_01557gxkm36,2
ID_01836kgnf13,2
ID_01874btit93,2
ID_01913bfjl96,2
ID_02099nyrj16,2
ID_02150swfq32,2
ID_02307ndop59,0
ID_02407dxeu86,2
ID_02498khqw43,2
ID_02509lues72,2
ID_02551xjtk27,2
ID_02563cfgu30,2
ID_02815quxz12,2
ID_02887alwq74,0
ID_03069juhv44,0
ID_03155yxbq11,2
ID_03222lfbq51,2
ID_03377zozi02,2
ID_03385ydio75,0
ID_03405eshw44,2
ID_03474ciqw92,2
ID_03547eghy92,0
ID_03645wrqs39,2
ID_03677ctae00,0
ID_03914lddm21,0
ID_03zujke0060,0
ID_04056hnwh66,2
ID_04108udca67,2
ID_04161ddrf55,2
ID_04322pmdg88,2
ID_04373fzok41,0
ID_04397igvz40,2
ID_04804lwnv76,0
ID_04846iiah12,0
ID_04915cuth86,2
ID_04972bkrm88,0
ID_05028kdfq35,2
ID_05348qmik42,2
ID_05379wtna51,0
ID_05428jeuz90,2
ID_05507jccs47,2
ID_05569yfjb90,2
ID_05605qnsx27,0
ID_05cptya2576,0
ID_05qrqji2919,1
ID_06095faxy22,2
ID_06291giyp65,0
ID_06477xuwr92,2
ID_06721zpfv68,2
ID_06753gdar78,2
ID_06851tsiv13,2
ID_07192yhej38,2
ID_07437dlqq80,2
ID_07479lley72,2
ID_07636mbej07,0
ID_07684mypg60,2
ID_07700wvkq51,0
ID_07868sjog72,2
ID_07977xaah56,2
ID_07cbmja2606,1
ID_08172dhgh19,0
ID_08175dzoy36,2
ID_08237xvhq51,2
ID_08644xlfd23,2
ID_08675arxl64,0
ID_08723wpma60,2
ID_08921vmde48,2
ID_08lwutj2558,1
ID_08ppffo3190,0
ID_09037zgat02,2
ID_09493oejy99,0
ID_09917rcud48,2
ID_09bjvwj0695,1
ID_0aaqoe33328,1
ID_0awhik42489,0
ID_0bi1ime2664,0
ID_0c2imsa1068,1
ID_0dbx6to2417,0
ID_0dciov70273,0
ID_0e4mkve1998,1
ID_0ft3ruc1087,1
ID_0gluty03141,1
ID_0gspi9u3051,1
ID_0hch1ub2959,0
ID_0jw2dvf0127,1
ID_0k1jtkt2398,1
ID_0ovr1za0668,1
ID_0p0cuvw1570,1
ID_0q6peui1731,1
ID_0r5algd1249,1
ID_0sibw7h0364,1
ID_0sl5mce3036,0
ID_0txma0e3189,1
ID_0w6jiia2306,0
ID_0wj0qeg2877,0
ID_0wmz0fj1075,0
ID_0zkh4jp3247,0
ID_10053ilkl84,2
ID_10336nice50,2
ID_10751ysae49,2
ID_10941eszc27,0
ID_10fnaab1619,0
ID_11122unpv03,0
ID_11400wvqm18,2
ID_11500arhf43,2
ID_11517lgml61,2
ID_11649wvja47,2
ID_11946jlzg70,0
ID_11947kqjx02,2
ID_11970rfah59,2
ID_11easww0727,1
ID_12257rjzz64,0
ID_12278xkfo79,2
ID_12403crzk93,0
ID_12531pjsv63,2
ID_12626iduy97,2
ID_12731gmkx04,2
ID_12741rgwh11,2
ID_12966iuyl36,0
ID_12rnwmn2539,0
ID_13194zcig02,2
ID_13265swbd72,0
ID_13286sami17,2
ID_13389twzs00,2
ID_13471stai24,0
ID_13523noip18,2
ID_13530jgiy28,0
ID_13542wubp14,0
ID_13648yasc48,0
ID_13745iaga25,2
ID_13832nolm71,2
ID_13966nyem15,0
ID_14059qqfc05,2
ID_14080zxqy36,2
ID_14179nfqt08,2
ID_14710thfd39,2
ID_14734ztlz40,2
ID_14857aybu47,2
ID_15098zlsm96,0
ID_15213imau66,0
ID_15445qrhn04,0
ID_15583isvq87,0
ID_15705uylw22,2
ID_15781lpdj70,0
ID_15856tgyj85,2
ID_15923qoxm28,0
ID_15989mtgr16,2
ID_15sejkp2254,1
ID_16120zyba36,2
ID_16249uzeh29,0
ID_16286bhof04,2
ID_16300iupt58,0
ID_16311vmqx20,2
ID_16333ebvo49,2
ID_16487yvhj96,0
ID_16639ksda04,0
ID_17290agyi89,0
ID_17308rlpr09,2
ID_17412qajv64,2
ID_17451dyye96,2
ID_17595kiin84,2
ID_17808fzra23,2
ID_17933qvfe00,2
ID_18464uoby84,0
ID_18768xzvs25,0
ID_18769ahsi16,2
ID_18802nlzg42,2
ID_18818ehyy84,2
ID_18961ardm31,0
ID_18drdws2820,1
ID_19025dnai48,2
ID_19155kgdp89,2
ID_19188smir69,2
ID_19230puxs10,2
ID_19673jolr62,0
ID_19836faiz19,2
ID_1afxnt90108,1
ID_1b4aeli1415,1
ID_1bu3kto0780,0
ID_1c1pgnf1800,0
ID_1cx1sfu1996,1
ID_1dsmhj71886,0
ID_1erfk3w0041,0
ID_1euk8zt2612,0
ID_1fg9qrr1051,1
ID_1fux5st0363,1
ID_1gdfrs90892,1
ID_1lwy9ey0002,1
ID_1mi8nxn0387,1
ID_1mxr0pe2908,1
ID_1ojuc9l1806,0
ID_1ooz1ty0932,1
ID_1qgesx52789,0
ID_1qqqwt43384,1
ID_1shrhe02318,0
ID_1tdh0qx2389,1
ID_1th2guq3163,1
ID_1ubm5xn3038,1
ID_1utcdf81538,1
ID_1v0zpxq2348,1
ID_1v8ywyh2222,0
ID_1vd7npa0155,1
ID_1w1uwpg2275,0
ID_1wqp5vq1787,0
ID_1x1utfx1783,0
ID_1x5wsxz2918,1
ID_1xqxs3s1104,1
ID_1xzzl2r1596,0
ID_1zwzb6q0119,0
ID_20205txxs88,0
ID_20233rapm48,0
ID_20320bmtc14,2
ID_20357lqnj14,0
ID_20374ssgy89,2
ID_20561uazi91,2
ID_20702yzsd49,2
ID_20738exso21,0
ID_20806fhwg20,2
ID_21194wixi40,0
ID_21801ymte77,0
ID_21vpcbz1845,0
ID_22677sxji91,2
ID_22912djby31,2
ID_22924jkic04,0
ID_22936yoap93,0
ID_22937tvcv43,2
ID_22983jzxn19,0
ID_22jgdzb2600,1
ID_23154ktpk66,2
ID_23375drql88,2
ID_23377uiei25,2
ID_23522qjqm04,2
ID_23539svjd53,0
ID_23602nemu34,2
ID_23604hudt00,2
ID_23751imja95,0
ID_23753chfx87,2
ID_23ulbbg2623,1
ID_24081uczz91,2
ID_24133dxsx96,0
ID_24258sucs38,2
ID_24283dclr43,0
ID_24298ibpg37,0
ID_24425emgk12,0
ID_24579irjh76,2
ID_24582plxi73,0
ID_24733uhtx41,2
ID_24751ofdv40,2
ID_24759dzkn56,2
ID_25091flwu77,2
ID_25111gijp21,0
ID_25124rrjq17,2
ID_25208wyuw53,2
ID_25502mgfn37,0
ID_25563yelw46,2
ID_25790edwz62,2
ID_25809heux01,0
ID_25lqrzo0833,1
ID_25rhtak1524,1
ID_26101drpj18,2
ID_26389srdk36,2
ID_26518kakt80,2
ID_26520ynaq44,2
ID_26632rdaz50,0
ID_26983cufb27,0
ID_27067rotf00,0
ID_27229tdks75,2
ID_27973qzbe30,0
ID_27984kdhi89,2
ID_28115qryb75,2
ID_28614vyqy82,2
ID_28856ptan49,2
ID_29229sfct13,2
ID_29257sazo29,2
ID_29258guex64,2
ID_29317leno39,0
ID_29875ksdo92,0
ID_29955zkll75,0
ID_2aaoew00132,1
ID_2adb5xy2221,0
ID_2aia2xk1198,0
ID_2b1txhk0360,0
ID_2bscwu03145,0
ID_2cgy6ph1625,1
ID_2di2qkx1609,0
ID_2f1qxzf2637,1
ID_2feobe12605,1
ID_2jztth90869,1
ID_2orqut90357,1
ID_2p4wqmg2703,1
ID_2ppkjl30687,1
ID_2tbmuo30006,0
ID_2usi9aa0079,1
ID_2vic6kz3062,0
ID_2xrsui00757,1
ID_30121qbdn59,0
ID_30460syyf68,0
ID_30573jdqr59,0
ID_30680czow60,0
ID_30747vcoc70,2
ID_30820jmkw45,0
ID_30925wsbx03,0
ID_31201fxen26,2
ID_31270nuti13,2
ID_31288jiph46,2
ID_31376cnbl81,2
ID_31411cnjm69,2
ID_31511ktgu57,0
ID_31530umit73,2
ID_31566fvan82,2
ID_31814iivc88,2
ID_32040uxeu53,2
ID_32078eobp54,2
ID_32190wico92,2
ID_32206pujs35,2
ID_32501acer53,2
ID_32564oyif93,2
ID_32792nucz88,2
ID_32799fhxh36,2
ID_32859clzi38,2
ID_32920xjxv96,2
ID_32921wkfn59,0
ID_32nccyo0229,1
ID_33125yxhz06,2
ID_33413awgz44,2
ID_33686gifc98,0
ID_33953oddj74,2
ID_33993dewi82,0
ID_33rnaka0638,0
ID_34010tidq34,0
ID_34043ttse96,0
ID_34140jpor31,2
ID_34208xpfa78,2
ID_34250xunc96,2
ID_34368idzt96,0
ID_34528anci39,2
ID_34612ouov40,2
ID_34775kjfn08,0
ID_35350dyqn21,0
ID_35547rrtd42,2
ID_35682hosi53,2
ID_35683jldx44,2
ID_35742oymi08,0
ID_35889wxdt51,2
ID_35900qaph38,2
ID_35954uobe58,0
ID_36112gnqh64,2
ID_36128odyd04,2
ID_36352swtq74,0
ID_36694vikv53,0
ID_36804bbkt52,2
ID_36967jnck96,2
ID_37181tcpm35,2
ID_37428cygy61,2
ID_37568ryyg47,2
ID_37588zckh79,0
ID_37593btjr78,0
ID_37864okap86,2
ID_37nwtiw1666,1
ID_37uqvxg0440,1
ID_38099acfu03,2
ID_38484uewx63,2
ID_38684xfdk49,2
ID_38832fvxr59,2
ID_38943ljov95,0
ID_38ndwkx2180,1
ID_39092yfae76,2
ID_39468zitg34,2
ID_39500jemd19,2
ID_39759wyhp66,2
ID_39958seqx18,0
ID_39965ljrc26,2
ID_39985kdmn94,2
ID_39989rjjj17,0
ID_39cdcjg1113,1
ID_39rmwwv0885,1
ID_3a7cqkc1728,1
ID_3adfbl82649,1
ID_3figf2u2862,0
ID_3fit2yf1603,1
ID_3g8pmdj0574,0
ID_3hk6qtd2688,0
ID_3i1folo2775,0
ID_3inft7u0092,0
ID_3iper5q2776,1
ID_3iptb9d0432,1
ID_3jrkkx40560,0
ID_3jwilw11575,1
ID_3jwo3af1741,1
ID_3kw3vjs1465,0
ID_3n7mmhb0888,0
ID_3nni8en2309,1
ID_3rf5zbs0829,0
ID_3sdmw3x1268,1
ID_3u9ajza0239,1
ID_3uikpd22763,0
ID_3xkwym91194,1
ID_3xz2sjq2486,0
ID_3z3mywl0015,1
ID_3zca0jv3295,1
ID_3zexc9k0761,1
ID_40524nrqd61,2
ID_40545mkyh31,2
ID_40589huwa52,2
ID_40731dmkx86,0
ID_40773djun31,0
ID_40787eiqc65,2
ID_40931ltcq17,2
ID_40932ctmz03,2
ID_40cwmkg2103,0
ID_41045xudi27,2
ID_41062ndzs96,2
ID_41115ixhz24,2
ID_41354unap58,0
ID_41651vkcx35,0
ID_41704wemt14,2
ID_41973gyzm04,2
ID_41mkhue1873,1
ID_42055rdxp21,2
ID_42112mqif15,2
ID_42165bhif05,2
ID_42582xmvg77,0
ID_42582yxoy80,0
ID_43373wcch61,0
ID_43421enlh93,0
ID_43486fdpr16,2
ID_44018hrdl43,0
ID_44094jnns55,0
ID_44180uawk60,2
ID_44262lekf67,2
ID_44430oswp63,0
ID_44445gxfv39,0
ID_44471rknh77,0
ID_44716hujp18,2
ID_44729ldwg59,2
ID_44799uppo37,2
ID_44841rcyn74,2
ID_44jzwdl2833,0
ID_45018mrtm40,2
ID_45169rvid70,2
ID_45208dzrp58,2
ID_45360uale61,2
ID_45475okqc78,2
ID_45586zqmm56,2
ID_45848hmjp99,2
ID_45nkeqp2583,1
ID_46015nxjl53,2
ID_46208rgoo62,2
ID_46245sive79,2
ID_46446boib19,0
ID_46500osex68,0
ID_46611hhhm30,0
ID_46921azhp54,0
ID_47207vshk03,0
ID_47238roof51,2
ID_47319abbg69,2
ID_47322tiqv29,2
ID_47460kzwk26,0
ID_47581jzaz74,2
ID_47665smbo73,2
ID_47711tfzi96,2
ID_47821lthe89,2
ID_48072snmh10,0
ID_48073xazl78,2
ID_48140eoxa46,0
ID_48247filu95,2
ID_48295veac68,0
ID_48430pvcu25,0
ID_48614xtex10,2
ID_48626woxe60,2
ID_48649udfu45,2
ID_48958ufcr55,0
ID_48bgmpb0993,1
ID_49047hhet44,0
ID_49095guyt81,0
ID_49306csbq80,2
ID_49459dwxf07,2
ID_49866jchk94,0
ID_49994dwrn65,0
ID_4aicmw61460,1
ID_4c2qxrx3329,1
ID_4cvre1k1128,0
ID_4cxblw13225,1
ID_4e6jnuj0983,0
ID_4eyw8fp3229,0
ID_4iwznz91256,1
ID_4jmy4xi3479,0
ID_4kt0mbc2007,0
ID_4njczu41988,1
ID_4nt5rih1789,1
ID_4om3jpx0539,1
ID_4p3idzz0884,1
ID_4p4haxc3296,1
ID_4qgn7zz2504,1
ID_4qqn0ce1972,1
ID_4r2fqnf3333,0
ID_4rbia2e1129,1
ID_4sore3r3323,1
ID_4tgz5vf2952,0
ID_4tra2np0733,0
ID_4wks5mv3270,0
ID_4yrd9mw0318,1
ID_4z0jdqn1304,0
ID_50537tfxl04,0
ID_50671haje63,2
ID_50811jssn55,2
ID_50837qnpk96,0
ID_50940rxty72,2
ID_50cfyzs1088,0
ID_50oysww1183,1
ID_51395nsmm67,0
ID_51486rbcm79,0
ID_51587phhx41,2
ID_51bhmca1691,1
ID_52479peto47,0
ID_52718aoxs02,0
ID_52862joue95,2
ID_52919bzls64,0
ID_53067ynfd09,2
ID_53201snlt39,0
ID_53303tyse14,2
ID_53338lifu01,2
ID_53346cvvi64,2
ID_53365kxfw92,0
ID_53376bxxz15,0
ID_53403siys59,2
ID_53708djxt27,2
ID_53743jaks58,0
ID_53756mewk67,2
ID_53769mqdz19,0
ID_54017tfkn73,2
ID_54073jirf75,2
ID_54126lpma92,2
ID_54328htkk95,0
ID_54359yjsa99,2
ID_54464llbl07,0
ID_54483ufsr70,0
ID_54496pdsi33,0
ID_54502uukf68,2
ID_54618yhuv19,2
ID_54869fwzi38,0
ID_54886qadb44,2
ID_54tcoht0723,0
ID_55070ksvq42,0
ID_55099aktg21,0
ID_55226wjtx26,0
ID_55305fsfw44,2
ID_55441ekml70,2
ID_55548mpjz38,2
ID_55555uorr88,0
ID_55632gnsh15,0
ID_55685pijn40,0
ID_55706jpyz75,0
ID_55924faby39,2
ID_56029csru37,2
ID_56315okdm86,0
ID_56475cyin79,2
ID_56563ocvg25,0
ID_56711klls57,0
ID_56959koyw72,2
ID_56969ayzm96,2
ID_57020xamw18,2
ID_57093qmxp39,2
ID_57158ehfg46,0
ID_57277wsfz17,2
ID_57353tzqm12,0
ID_57602edvr12,0
ID_57634rydr23,0
ID_57835fzkh13,2
ID_58154eghm15,2
ID_58173yrwz01,2
ID_58187ldzv14,2
ID_58239zfaq84,0
ID_58266ufiz00,2
ID_58267rnnk13,2
ID_58452cloq53,2
ID_58699vtix43,2
ID_58712twnd53,2
ID_58746jzrb55,0
ID_58755crcw36,2
ID_58812wfmv98,2
ID_59079qeua66,0
ID_59347azvp00,2
ID_59445kpyn48,2
ID_59539vxzv45,0
ID_59641rogs12,0
ID_59793umqf37,2
ID_59842dify49,2
ID_59953xxiq70,2
ID_59958oqtp51,2
ID_59mpcol2441,1
ID_59tcyqc1562,0
ID_5asgsy13157,0
ID_5avobt20283,0
ID_5biff8v1086,0
ID_5cbd3xj1612,1
ID_5cx9xdn2280,1
ID_5f9zaid1300,1
ID_5gkcx5d1632,0
ID_5hdg4ic2757,0
ID_5hy6uxy2156,1
ID_5ih9ipi3391,0
ID_5ijjvg30583,0
ID_5jod5ww0255,0
ID_5k2cnjl1606,1
ID_5kbb1rb0344,1
ID_5lzhl5b2420,1
ID_5ofcqt50052,0
ID_5pcxgh62197,1
ID_5qnkp3l0097,0
ID_5sngp8v1160,1
ID_5sv0efr0277,0
ID_5tnyh1m1138,0
ID_5u8nwem1874,0
ID_5ui6szf0342,0
ID_5utxt4o0147,0
ID_5wrmu2q0463,0
ID_5xxdvv13079,0
ID_5y0ljxh1338,1
ID_5ye9lii2498,0
ID_5zrsj7v0509,1
ID_60165rpth86,0
ID_60306ruoz63,0
ID_60394vlbi74,2
ID_60695cvzb55,0
ID_60821zvyx14,2
ID_60930dpop49,2
ID_61044czwj36,2
ID_61112dfwx18,2
ID_61210azpf10,2
ID_61223kadm49,2
ID_61277qoan43,2
ID_61300xhmf19,2
ID_61456fxkc93,2
ID_61470kxah83,2
ID_61502agnp07,0
ID_61724nlgh10,2
ID_61798uhoj25,0
ID_61oxkhx3297,0
ID_62376akxr40,0
ID_62421puhi47,0
ID_62527acfs84,0
ID_62589xaid82,2
ID_62658chio23,2
ID_62787pcvq35,0
ID_62799zkbo82,0
ID_63215svcp89,0
ID_63308cwum37,2
ID_63313qyiw94,0
ID_63575cdtx24,2
ID_63632jmsr51,2
ID_63955ppgk24,2
ID_63983xbvp41,2
ID_64211wgjq89,0
ID_64373kwgx34,2
ID_64479vleo07,2
ID_64495qkxk51,0
ID_64506hqjj28,2
ID_64513nkmq46,0
ID_64645fnaj83,2
ID_64665hhyd61,2
ID_64789vbkr93,0
ID_64ognfn3128,1
ID_65207opln03,2
ID_65524vimf79,0
ID_65567lhwl39,0
ID_65593vpsu77,0
ID_65612zucn55,2
ID_65651exgj14,0
ID_65850hmkl57,0
ID_66305bhpe52,2
ID_66417egwr52,2
ID_66425yxia88,2
ID_66477milx34,0
ID_66484ulkt06,2
ID_66588kbqx24,0
ID_66702ydjc03,0
ID_66758npcp83,2
ID_66929eabd32,0
ID_66943mnjs28,2
ID_66994haib88,0
ID_67177qyif54,2
ID_67219hvle78,2
ID_67282codn86,2
ID_67459fprp13,2
ID_67522kpue44,2
ID_67748qflq08,0
ID_67869ssso37,2
ID_68314zfvp39,0
ID_68532cyic69,0
ID_68927iwzr15,0
ID_68wmkrl1100,1
ID_69149olrz95,0
ID_69268jajh86,2
ID_69286jnhh78,2
ID_69328vqpp78,0
ID_69517zbdp15,2
ID_69547ptpa19,2
ID_69648qfkp92,2
ID_69744yszw57,2
ID_69927oafu67,0
ID_6aufd3s2215,1
ID_6by4ksy3122,1
ID_6chut6n2422,1
ID_6dk7opd0204,1
ID_6etc0mm0300,1
ID_6gqdgs31573,1
ID_6gyya4n1356,0
ID_6h4vypp2826,0
ID_6htx7rm0019,1
ID_6iq8jls0452,1
ID_6l0cgcs1169,0
ID_6lqqs0w0779,1
ID_6ltqp2d3254,0
ID_6mjui3y0580,1
ID_6mzgjm10208,1
ID_6nhrc6t2317,1
ID_6ns2sjt2061,0
ID_6ntuvj42626,1
ID_6piic3x2267,0
ID_6piyl8d3403,1
ID_6qj4tpl0013,0
ID_6rcje5t2027,0
ID_6rgt4xc0682,0
ID_6rt0gxv0122,0
ID_6sn7fjk1968,1
ID_6u3rtvt0530,1
ID_6xntah02832,0
ID_6xqlg0r1029,0
ID_6zea7io0797,1
ID_6zr2vcn2683,0
ID_70218hjko77,0
ID_70295upyu72,2
ID_70343htzw93,0
ID_70564ntdl42,2
ID_70599mbfj97,0
ID_70934mcbn19,2
ID_70953wryv09,2
ID_71007oqmt30,2
ID_71067fiog18,0
ID_71130symb68,2
ID_71141bull32,0
ID_71199mebe18,2
ID_71240rzbw83,0
ID_71295bsop29,2
ID_71575gyjl33,2
ID_71702lvgc43,0
ID_71767kukr35,0
ID_71782zwjk63,2
ID_71813gayx75,2
ID_71993yfyd34,2
ID_72022uaxy20,0
ID_72206jpip84,0
ID_72261gqpw00,2
ID_72430xuhj82,2
ID_72510varx82,0
ID_72552qnau01,0
ID_72642tlyd33,2
ID_72942irzu73,2
ID_72poaqs2321,1
ID_73020gole12,2
ID_73276giha71,2
ID_73505rpko04,2
ID_73576nphn48,0
ID_73744paxg89,2
ID_73785zwls88,0
ID_73801xxds74,2
ID_74116ubub18,2
ID_74177wfxs72,2
ID_74191abio57,0
ID_74838hzuw55,0
ID_74992cmrk64,0
ID_74992eblo36,0
ID_75240irat38,0
ID_75293bfge02,2
ID_75529iwjk08,0
ID_75622vcer92,2
ID_75736egkj33,0
ID_75831nafc87,0
ID_76122ocxi63,0
ID_76277kdmr35,0
ID_76535fdzk94,0
ID_76608rens48,0
ID_76846bwtd78,0
ID_76949dumi85,0
ID_77056hans16,0
ID_77125wuax49,2
ID_77580wmuu84,2
ID_77853bcfs74,2
ID_77922kxfl29,0
ID_77950lovf67,0
ID_77994bsgw92,2
ID_77997kjsn47,2
ID_78087gton08,0
ID_78129xsnc17,0
ID_78278ryzt41,2
ID_78350ukey32,0
ID_78572apnv88,2
ID_78673iftu90,2
ID_78790oynl89,2
ID_78801jbeo96,2
ID_78881rkxa18,0
ID_78932kbih92,2
ID_78992pnxz53,2
ID_79206eacu28,0
ID_79227znfb65,2
ID_79240gwaw89,0
ID_79320oofv22,2
ID_79381aeyk99,0
ID_79414peaq79,2
ID_79437fzdh44,0
ID_79685ezfs10,0
ID_79874xidm08,2
ID_79961ovxm68,2
ID_79991rjxe19,2
ID_79cnjvj0190,1
ID_7ahaxi42890,0
ID_7ca5bfo1725,1
ID_7cjeoz32787,1
ID_7cwhg2l0810,1
ID_7dw7lcr0487,0
ID_7fay8rt0722,1
ID_7gqv6kv0661,0
ID_7i0ygqc1718,1
ID_7i4hupi2872,1
ID_7kal5yb3192,1
ID_7kdvfb20853,1
ID_7l7oegc0922,0
ID_7ll9mqw1770,0
ID_7oolm5e2816,1
ID_7qfx7zz3088,0
ID_7qwrzx80556,0
ID_7rimfw41795,1
ID_7uf8ghf0001,0
ID_7uffns40017,1
ID_7ugdpb32382,1
ID_7vrt6kd2125,0
ID_7we9qnt2620,0
ID_7xaqoc92793,0
ID_7xwat0a0933,1
ID_7yaf2ux3433,0
ID_7yvm8xr0836,1
ID_7yvpnl61898,0
ID_80074lmou90,2
ID_80230yuyn87,2
ID_80236caev20,2
ID_80379jaec01,0
ID_80589zrcs78,0
ID_80dvnsl1259,1
ID_81105oqsl53,0
ID_81578qqua40,0
ID_81580utsu01,2
ID_81685yygv52,0
ID_81838draf65,2
ID_81987byyd87,2
ID_82050mhty27,2
ID_82081vrdp61,2
ID_82704chbq93,0
ID_82879hztf34,0
ID_82888kqvi11,2
ID_82chswe1308,0
ID_83039nfin65,2
ID_83169banj06,2
ID_83325psgr78,0
ID_83328fdjp48,0
ID_83338cryr91,2
ID_83374pqqi06,2
ID_83488gjro54,2
ID_83832tmip05,0
ID_83857oxdg21,2
ID_83924iyqi00,2
ID_83wqtdp1860,1
ID_84078badc32,2
ID_84143kvjz06,2
ID_84335sufo37,2
ID_84885vciu81,2
ID_85027zudn70,2
ID_85060fslj43,2
ID_85181bucj81,2
ID_85214jamv20,0
ID_85343cqup50,2
ID_85364zczh36,2
ID_85386aqgb10,0
ID_85ttvvz1750,1
ID_86101inrg61,2
ID_86127gjvb49,0
ID_86232vtqq50,2
ID_86385gnvq61,2
ID_86770hnrh45,0
ID_86916rplc91,0
ID_86937fzro70,2
ID_87186bqij85,2
ID_87812ltjw29,0
ID_87913bijz57,0
ID_87931zedc48,2
ID_88208zidz53,0
ID_88359zbas68,0
ID_88403ngbe74,0
ID_88408nvzl31,2
ID_88464yiud55,2
ID_88501aquq33,0
ID_88596feck38,0
ID_88991lrut51,2
ID_89177uspl58,2
ID_89177vpvb39,2
ID_89912hian07,2
ID_89914wtdw66,2
ID_89960uiyh99,2
ID_89989ilem88,0
ID_8dgyt6h2387,0
ID_8eoe5lo2269,1
ID_8f1hayq1781,1
ID_8gq9pil3107,1
ID_8gqoft31095,0
ID_8h4atwg2331,0
ID_8hats5l3059,0
ID_8hnpvx52064,0
ID_8hozas22887,1
ID_8hrcs7q1001,0
ID_8idb5on0373,1
ID_8ivbly02059,0
ID_8p9qhoq0545,0
ID_8r2akno1513,1
ID_8sxik2x0842,1
ID_8t1awfj0010,0
ID_8tduhm01993,0
ID_8tzvsf41651,1
ID_8xia9wr1148,0
ID_8xw2qfo3246,0
ID_90052xbdm64,2
ID_90282gyyw55,0
ID_90656drpk04,2
ID_90965shlf50,0
ID_90984tlii15,2
ID_91056jsua42,2
ID_91064ugmn41,0
ID_91416crve55,2
ID_91427rhyu15,0
ID_91583tttf19,0
ID_91710jrae77,0
ID_91904qrcp63,2
ID_91994fgih46,2
ID_92091muwl91,2
ID_92282syzl13,2
ID_92351laqd18,0
ID_92370troy23,2
ID_92438blza76,2
ID_92543eiji68,2
ID_92744gnks52,2
ID_92763kczi19,0
ID_92870cohd83,2
ID_92904ncxf72,2
ID_92927zwkv22,2
ID_92987prsq17,2
ID_92tjzkq1333,0
ID_93278mjwk04,2
ID_93417jrhp96,0
ID_93468kcsp48,0
ID_93486grge05,0
ID_93827xwry42,2
ID_93912xutv57,2
ID_94173kfgl44,2
ID_94241arlg38,0
ID_94278mibb63,2
ID_94295mmbl33,0
ID_94812fgdx43,0
ID_94919mokc60,0
ID_94esbyp0447,0
ID_95027jkof32,0
ID_95299nrxn65,0
ID_95531ylrr56,2
ID_95599orct45,2
ID_95otdnw1952,1
ID_96209lltg22,2
ID_96369yvxa59,0
ID_96375cher22,0
ID_96508lbxf15,0
ID_96804wmqs34,2
ID_96810zwus12,0
ID_96974rasc05,0
ID_96995cvww07,0
ID_97075cinf99,2
ID_97157dywb49,2
ID_97205luou59,2
ID_97269cioz62,0
ID_97447wkba17,2
ID_97562xhra10,0
ID_97825ppxx88,2
ID_97879rmuq66,2
ID_97927vepp48,2
ID_98022bshn65,0
ID_98322buty21,2
ID_98323hshq99,0
ID_98347pzwd97,2
ID_98594xojj25,0
ID_98923etdj57,0
ID_98970cfap54,2
ID_98syqjo3437,1
ID_99094tfvm45,0
ID_99108exzd76,2
ID_99293sqyl21,2
ID_99523mdhx69,2
ID_99556xwxp73,2
ID_9a9odiv2845,0
ID_9cp3jth2078,1
ID_9da6dxa2893,1
ID_9dfi3ni3097,0
ID_9jazvk01050,0
ID_9ldzl3g1556,0
ID_9lecq7r2370,1
ID_9m0zlic3388,0
ID_9matbe92614,1
ID_9mc8ylf1502,0
ID_9moabc02554,0
ID_9pl6joy3006,1
ID_9pz9pae0489,0
ID_9qillr72448,0
ID_9rs6ysa2373,1
ID_9ttuzs31317,1
ID_9v7sczj1602,1
ID_9vc2wjm0070,0
ID_9vgf9ih3482,1
ID_9xjsq1a1187,0
ID_9xyy8bj1125,1
ID_9zq9evq1517,0
ID_a12teof1252,0
ID_a1og8sq2695,1
ID_a1t4jgs1546,1
ID_a4q3pgu2076,0
ID_a68rdqo3093,1
ID_a78faem3161,0
ID_a7hshd20584,1
ID_a7k6fny1089,1
ID_a7kjga51157,1
ID_a7zjr3g2134,0
ID_a8yg1hp2431,1
ID_aa2gtv91301,0
ID_ac0t6hs0773,1
ID_acr8i6a1272,0
ID_adia42k0226,0
ID_afs84tc3486,0
ID_afuv46l0934,0
ID_alq5xs90368,1
ID_aml4k0i0313,0
ID_anaab680863,1
ID_ao58zlo0950,1
ID_ar2l6aa2017,0
ID_as84nxu1028,1
ID_auz8ae52927,1
ID_av7abm12314,0
ID_avh7ir72035,1
ID_avv3se51962,1
ID_az2z6cw2062,1
ID_b08sdqb0816,0
ID_b0fsa8g1508,1
ID_b0z4amu2794,0
ID_b2mi2tt1859,1
ID_b2qqaz52579,0
ID_b3f5exu2495,1
ID_b3ypiz52721,1
ID_b4nxe8t2230,1
ID_b89ahem2791,1
ID_b8jfqa60314,0
ID_b8rhi6t0068,1
ID_b8vddw40827,0
ID_bdy3wq12225,1
ID_bdyq3l40047,1
ID_be7g6eg0197,0
ID_berrx261754,1
ID_bi7ruk60442,0
ID_bitq4v50403,1
ID_bl3sp6i2237,0
ID_bln5n1w2465,0
ID_bls0pp30341,0
ID_bm4tvh62601,0
ID_bmvjn112792,1
ID_bp1lp9v0218,0
ID_bub5iw81267,0
ID_bum9dy03312,0
ID_bv56qsw3346,1
ID_bwckj931818,0
ID_bwttt941484,1
ID_bze3kd62219,0
ID_bzzh9a42099,0
ID_c0da7ce2454,1
ID_c3f2bua2595,1
ID_c3oqg7w3235,0
ID_c3z3mbg3275,1
ID_c52vyvi2682,0
ID_c5g2dmp0766,0
ID_c5vnmz02332,1
ID_c5yjv3n0554,1
ID_c6gzvm62690,1
ID_c6liw0p1581,1
ID_caf5cg42891,1
ID_cc6jj2b1434,1
ID_ccst9s81235,1
ID_ce2z0vp2437,1
ID_ce39ldy2855,1
ID_cg3oo8l2750,0
ID_cg6lq6j3491,1
ID_cgm48qo2364,1
ID_cgp93zj3442,0
ID_cj8dv7z2779,0
ID_cobt5l01607,1
ID_cov8e0i2711,0
ID_cr1p3qh0849,1
ID_ct49rtl1797,1
ID_cuj38qk0521,1
ID_cw6lze62935,1
ID_cy9tmo93423,0
ID_d17qzgo1347,1
ID_d1esim81614,1
ID_d1wc1hs1422,1
ID_d2sj2lq0454,1
ID_d2t3juw0988,1
ID_d3hdxq71031,0
ID_d41kpfb2349,1
ID_d43ffhu2701,1
ID_d4e0gvx2210,0
ID_d4haqk62256,1
ID_d61idzb2538,0
ID_d67hnga2124,0
ID_d70smug1307,1
ID_d8bc9od1698,1
ID_d8sb8nb1854,0
ID_d9lnpt40275,0
ID_da19lhf0404,0
ID_dc41rep1044,1
ID_dcif7d12335,1
ID_dck01xr1122,1
ID_dg7uiv61947,0
ID_dj44emi0962,1
ID_dk2xn3u1961,1
ID_dn00nwo1946,1
ID_dnb6pr10691,1
ID_dp4di7k0374,0
ID_drje0e90575,0
ID_dsl18xa2982,0
ID_dwqea682031,1
ID_dx2ky5y1722,1
ID_e1v8lvt1278,1
ID_e3odim52731,0
ID_e4azrf01058,0
ID_e4m8lpg1486,1
ID_e5eeyq10688,1
ID_e5gte7t2559,1
ID_e5imry10900,1
ID_e6bwi8s0426,0
ID_e6nn0rr3061,1
ID_e99lclq2444,0
ID_e9i6dyh2824,0
ID_ea6ixf82028,0
ID_eadq2x70840,1
ID_eb22qxm1023,1
ID_eb2hj1m2706,1
ID_ebe2j0z2639,0
ID_ed2krx43044,0
ID_ee6s3cd3086,1
ID_eg7voi70986,0
ID_eij0hu20189,1
ID_ejd7r0c3400,1
ID_en3e4bh3274,1
ID_ep7o0zu1280,1
ID_eqiv9j82406,1
ID_er6tf2r1057,1
ID_erv6a0f2783,1
ID_ethg1v20455,1
ID_etqr70q3435,1
ID_eumdv662588,0
ID_ewjne521908,1
ID_ey0x4hn1204,1
ID_f0ro4yq2350,1
ID_f0vxsp50508,0
ID_f1wnw4g1189,1
ID_f2y7usw0134,1
ID_f35mueb0434,1
ID_f42vmic0379,0
ID_f44rzya1121,0
ID_f4udo3o0141,1
ID_f59lczc1097,0
ID_f59ujim1987,1
ID_f61odue0153,0
ID_f6sohp10860,1
ID_f7r5amr1989,1
ID_f8gkeb52691,1
ID_fa1j0wm1416,1
ID_fa67nhl0309,0
ID_fba0jc11145,0
ID_fbfb9m40012,1
ID_fe1g0wk0416,1
ID_ffj89iz3019,1
ID_ffr9o2u0891,1
ID_fiv0d6a2488,0
ID_flb3vi30738,1
ID_fo5obi41796,1
ID_fql19st1931,1
ID_fs2vqy23075,1
ID_ft2uy0w3459,1
ID_ftq07tq1675,0
ID_fttk82s0535,0
ID_fv8om9l1369,1
ID_fwr5si72636,1
ID_fx28ngj3194,1
ID_fxk1bx70180,0
ID_g3civ6u0544,1
ID_g3k3isi1955,0
ID_g43qklm2598,1
ID_g4ae3cm1742,1
ID_g57lqkl0139,1
ID_g7eks0k3180,1
ID_g8w2cjz3183,0
ID_g98njts0522,0
ID_g9ivb3v1437,0
ID_gaiq87h0778,0
ID_gax0t6a0150,1
ID_gdyec711491,1
ID_gik0du90813,1
ID_gl5j3vj0144,0
ID_glm9j2i2217,1
ID_gmaax740200,1
ID_gme11zs0121,1
ID_gr9kxm92930,1
ID_grn5qi90702,1
ID_gu28ffd0570,1
ID_gy40wsc3083,0
ID_gzyj5u80496,0
ID_h1v3qkj1429,1
ID_h4af0oo0130,1
ID_h4c5kvf0941,1
ID_h5m2wug0422,0
ID_h5ui1us2749,0
ID_h5wqh2l2656,1
ID_h7ok9rn0927,0
ID_hcxkm623064,1
ID_hdtm06v0686,1
ID_hed5f9v0684,1
ID_hf2md5k2252,1
ID_hf6fdr70113,1
ID_hg56eev1869,1
ID_hgs3rw63256,0
ID_hi13nrd2141,0
ID_hj5t4ql3342,1
ID_hk31dgq1428,1
ID_hlz2li91815,1
ID_hm3gni81226,1
ID_hmsb2t01008,1
ID_hnal99x2517,0
ID_hofe93g2916,0
ID_hoz5du40281,1
ID_hpog4s02297,1
ID_hrgc32j0818,1
ID_hs9vw0k2668,1
ID_htx1d8p1531,0
ID_hulv6c53457,0
ID_hy37qqb2079,0
ID_hz3hb1a0881,1
ID_hzw9zc50903,0
ID_i1u4uvo2055,1
ID_i2msvm01629,1
ID_i46afzm1904,0
ID_i4jjhw81365,0
ID_i4uf9zg1534,1
ID_i4uir1f0698,1
ID_i6tac2v1201,0
ID_i6y4bzl2414,1
ID_i92dhuw3233,0
ID_ibg51qa2413,0
ID_ic6l1nq1791,1
ID_id3jp6h1664,1
ID_ii5sfn81230,1
ID_iiijz550343,0
ID_iikv3u32818,0
ID_ijh6a3u1279,1
ID_iksds292191,1
ID_imm9v8b0517,0
ID_imrm88d0690,1
ID_ino60yg3218,0
ID_iopx9h30384,0
ID_j0w3cwu3147,1
ID_j16aqqp0573,1
ID_j21bxme1115,1
ID_j2ezg8n0231,0
ID_j2ger4a1915,1
ID_j3tu3oe0963,1
ID_j4dm1qd0266,1
ID_j4v9zbe2835,1
ID_j5uai5r3401,1
ID_j7c8yby1244,1
ID_j7la3ci0709,1
ID_j8o4ygh0433,1
ID_jaynv610029,1
ID_jb4aea93080,1
ID_jb69gmq2381,1
ID_jcad5z10834,0
ID_jdump773493,0
ID_jdzcw041511,0
ID_jhb7gm10402,1
ID_ji9u9ux2182,0
ID_jisyt113480,0
ID_jjfl44c0973,1
ID_jmyg81r0579,1
ID_jpdw6u72081,1
ID_jq70rtq2391,1
ID_jqvo5u92529,0
ID_jsamj161623,0
ID_ju48rtc0864,1
ID_jvzb32f0649,0
ID_jz4q7rf2992,0
ID_jz6c5uo1485,1
ID_k01kyob3215,1
ID_k1smz7r0062,1
ID_k1weef31590,1
ID_k2bz3di1263,0
ID_k5bawl91788,0
ID_k6f9ebf1079,0
ID_k7erw1i2453,1
ID_k8xaaq62659,0
ID_kb95yrx0396,0
ID_kcl8y7d2609,1
ID_kdovb050372,0
ID_kedz28s1544,1
ID_keurp560246,0
ID_kgiv8b51320,0
ID_kh84qth1584,1
ID_ki9zvu02563,0
ID_kjv0v2q3497,0
ID_kk57pab0798,1
ID_km2b6fg0704,0
ID_kqu5yz70032,1
ID_kra7h0v2077,0
ID_krc1wf53418,1
ID_krtoc432036,0
ID_ksh34rz1370,1
ID_ksqp02m1093,1
ID_kt8cg9d2410,1
ID_kttm66r0871,1
ID_kvx01le3066,1
ID_kw0a7hv2630,0
ID_kwcv0e83196,0
ID_ky8h3vh1364,1
ID_kzi97lk0652,1
ID_kzkfn662084,0
ID_kzxl0e21828,1
ID_l0x6myz0679,0
ID_l1qt4sn0945,1
ID_l27wcyd0284,1
ID_l2ggv0q2282,0
ID_l2zg3jq2365,1
ID_l5w4nhm0414,1
ID_l9bnly83343,1
ID_l9hyiw22224,1
ID_ld6ip0j0865,0
ID_lh6jc1g1748,1
ID_li0ouo40236,0
ID_lis5h1c1261,0
ID_llfa6j51899,0
ID_ln4w1be1964,0
ID_lnme57i1640,1
ID_lq12zpu0247,0
ID_lqje51j0815,1
ID_lybk59p2479,1
ID_lzq2jz81711,0
ID_m0l3pbl0923,0
ID_m3wtsu01027,0
ID_m65qgry3027,0
ID_m7jgmt10611,0
ID_m8vsfg52043,1
ID_m9hxx1c1778,0
ID_mau4m1k2201,0
ID_mavf21j0317,1
ID_mc5wf6f2111,0
ID_meb7k0g1246,1
ID_mgp33kj1744,1
ID_mk51oap1906,0
ID_mkaxi832796,1
ID_mkren371624,0
ID_mlxq83t3020,1
ID_mplm70v1667,1
ID_mpq7av31574,1
ID_mq6jc1p2016,1
ID_mqt64rr2041,1
ID_mr1rs8h3289,1
ID_mr6mn4a3490,0
ID_ms5lhd93371,1
ID_mxjq8u20911,0
ID_my39kuz0238,1
ID_my9qjs42279,0
ID_mzrf78c2239,0
ID_n0e9yos2678,1
ID_n3z7vck3283,1
ID_n4udz5d0734,1
ID_n4xxze40794,1
ID_n4zfgm41041,1
ID_n5wjhe41528,1
ID_n7f2wgf2236,0
ID_n7lmoa40349,1
ID_n7tcis32518,1
ID_n81etxr2352,1
ID_n8akdp71638,1
ID_n8f0qva0044,1
ID_n8uqtp11232,1
ID_n91zzth0868,0
ID_n93yvwr1699,1
ID_n9nruz43094,1
ID_na3pwq53014,1
ID_nawqv531626,1
ID_ndz7my30564,0
ID_nfkb2t40854,1
ID_nge5sh43178,1
ID_nh6kmq32811,1
ID_niyy8p72100,1
ID_njg6j4x3338,0
ID_nknj71c3063,1
ID_nli6a7j0248,1
ID_nlk0n2r1448,0
ID_nlz51lt3317,0
ID_nmxt36b1005,1
ID_nqz65pp2651,0
ID_nuyw2w61367,0
ID_nxg6sv72312,1
ID_nzw96aq3356,0
ID_o0j6jzb2732,0
ID_o12hrnz2086,1
ID_o1kwpj83125,0
ID_o1pdxs02710,1
ID_o25wgzr1866,1
ID_o25wrtj1021,1
ID_o3ola0u1022,0
ID_o60flft2681,1
ID_o9rmkv12263,0
ID_oa2xhy02291,1
ID_obz29oa2116,1
ID_ocjd1i50297,1
ID_od66dfc0996,0
ID_og9v3yx2871,1
ID_oi3yjs42754,0
ID_oi7jha40726,1
ID_ojs47ry2058,1
ID_ok2wzd62587,0
ID_ok8q3hq1983,0
ID_ol69kjk3187,0
ID_oqi01sl1900,0
ID_or34hhg1775,0
ID_ow6hbc71823,0
ID_p0yb4as1150,1
ID_p2ogy4q2971,1
ID_p3scvh73326,1
ID_p5nwz0z3404,1
ID_p7r6pjn0592,1
ID_p7yi7ed3240,0
ID_p88sikz2729,0
ID_p9bvae71140,0
ID_p9y7ukt2425,1
ID_pbfxq712825,0
ID_pc83cqi3447,0
ID_pex4qn23470,0
ID_pfmy9b32819,0
ID_phan44a0329,1
ID_pkqxz442756,0
ID_pllh46r0217,1
ID_pm95njc2892,1
ID_pn34oxp0008,1
ID_pru3cp03188,1
ID_pry2np72988,1
ID_q0ys3vv3410,1
ID_q1p3vrt1927,1
ID_q1qdfx02550,1
ID_q2v6gfl1281,1
ID_q3fmfr41922,0
ID_q3wdu9m1305,1
ID_q41jafp3089,0
ID_q4ac8he1723,1
ID_q5wwny10916,1
ID_q62annj0595,1
ID_q6dx7mw0110,0
ID_q8xial02762,0
ID_q94objk2970,1
ID_q9wqk4d0769,1
ID_qc1f4iw2226,0
ID_qckp1w72207,0
ID_qddv41s1059,1
ID_qdja50k2394,0
ID_qe0kbc81306,1
ID_qecko163427,1
ID_qh0tm1k0883,0
ID_qi70rmt1035,1
ID_qilgq422014,0
ID_qklxx430462,1
ID_qlebf922106,0
ID_qmcu9c43444,0
ID_qn2pjh83253,1
ID_qq5rq8g0028,0
ID_qqavx511732,0
ID_qrkz27j2741,1
ID_qrll0b22803,0
ID_qs0zs3v2442,0
ID_qsk68sd2965,1
ID_qtmt8o11766,0
ID_qu42rxb2216,1
ID_qujf00h3367,1
ID_qvk3cr03112,0
ID_qw2gz9x2446,0
ID_qwv79dc1975,0
ID_qxc7y1c0039,0
ID_qy5eax70590,1
ID_r0hccz33287,1
ID_r0wai1u1941,0
ID_r1tt1ud3127,1
ID_r21zkzi3304,0
ID_r3lvdm21348,1
ID_r3p7pwa0811,0
ID_r4wxye42697,1
ID_r7ed6fp1293,1
ID_r7ws2fx2914,1
ID_r8zl1sq2052,1
ID_r9in7hg0912,1
ID_r9vn3ma2323,1
ID_rdfa8d12519,0
ID_rekg24o1456,1
ID_rhdg16y2071,1
ID_rivw4v40295,1
ID_rjpgd671294,0
ID_rk9o2rs2209,1
ID_rkx8c9c1396,1
ID_rm2c0py1218,0
ID_rmvl94c2149,0
ID_rqv6gg33413,1
ID_rr9z3wa0837,0
ID_rsgd08q2713,1
ID_rslg9i61548,1
ID_rtcg37q2912,1
ID_rtmvc760216,0
ID_rtt59ui2991,0
ID_rtuu1o51928,0
ID_ru5r7pz0065,1
ID_rvl95kc2625,1
ID_rvw5e1c2941,1
ID_rzp0un31917,1
ID_s1zn0kh2261,1
ID_s4kt3rm1793,0
ID_s5eqbc12545,0
ID_s6aj6ig2153,1
ID_s7hqgd22458,0
ID_s83rksn0137,1
ID_saet07g0987,1
ID_sdjf3m01233,0
ID_sf62wnt2884,1
ID_sfrgp672075,1
ID_sfs0d5n2753,1
ID_sg23mkn0858,0
ID_shjz97p0951,1
ID_shv6b2f2258,1
ID_sia22in1620,1
ID_sk20wtk0660,1
ID_slkn25k1649,0
ID_sn8wgx61498,1
ID_snoj7z83114,0
ID_snrd0v90089,0
ID_sp9kh0u1430,1
ID_sp9vr8h1254,0
ID_sqn46dh1173,1
ID_sqov2u43052,1
ID_sr52nkx0419,0
ID_srwjh932577,1
ID_ss5r5ly2311,0
ID_ssan56n2689,0
ID_stnu3g22243,0
ID_sw13xks3285,1
ID_sw7dd1t2881,1
ID_sx9nzh53054,0
ID_sxmt22m0235,1
ID_szswp430105,0
ID_szt0np52126,1
ID_t0xul6w0380,1
ID_t1e7cks0224,0
ID_t71fkvg1798,1
ID_tc0stx42150,1
ID_tc7nu5v1234,0
ID_te1z2rk1158,0
ID_tf4ck2r2719,1
ID_tia1q1v2290,1
ID_tndds493067,1
ID_tr1ezr53111,0
ID_tr87psh3150,0
ID_tvbpw030381,0
ID_tvwq5x11817,1
ID_tw3fwz82843,1
ID_tw6go1h1710,1
ID_txxl3k92013,0
ID_txz9b2f0729,0
ID_tznuz082514,0
ID_u12kdck1492,1
ID_u16wutm2285,0
ID_u2hx1xn0613,1
ID_u35bvfd1478,1
ID_u3qnmi20495,0
ID_u40rdyy1841,0
ID_u7lzit62933,1
ID_u7zxkf82037,1
ID_u8yrlr60027,1
ID_u97ctbw0022,0
ID_uci1ft51342,0
ID_udmd0j53398,0
ID_ue4u6aq1208,0
ID_uelw6n42575,1
ID_ufs43fo3070,0
ID_ug5g0ob1153,1
ID_uh8jch51082,0
ID_uici08a0819,0
ID_uivj77i3016,1
ID_ujp6oa11918,1
ID_uklfn563311,1
ID_ul5fap11537,0
ID_ul5sg3v3315,1
ID_umd96gy1505,0
ID_umxac682994,0
ID_unh7eb00710,0
ID_uo8iz3l2895,1
ID_uogp3a32705,0
ID_usdu97u1185,0
ID_ut2ck2l0146,0
ID_ut7e2es1982,0
ID_ut7i4nq3294,1
ID_uuiin241404,0
ID_uvub4x13377,0
ID_uw1l5ee2162,0
ID_uwg5l2r0250,0
ID_uzp05wl3382,1
ID_v4maqd43500,1
ID_v5qt4rp2860,0
ID_v67cdbp3219,1
ID_v6scm3w2645,1
ID_v8a9wuw2212,1
ID_v9x2kvp1880,1
ID_va35iuh0395,1
ID_va9bvk71353,0
ID_van63ww0126,0
ID_vd0tg4y2169,1
ID_vfv2y0u3153,1
ID_vgbt78z0111,1
ID_vgdqb993243,1
ID_vgm03vf1945,1
ID_vhc24fq3375,0
ID_virih330457,1
ID_vj1pt8x0116,0
ID_vj5kua60977,0
ID_vjc5oj40954,0
ID_voca36v0245,1
ID_vqmc0v73460,0
ID_vr8gf6f0385,1
ID_vrna40v2998,1
ID_vswo66z1094,0
ID_vu4xbk50406,1
ID_vuh4hf40072,0
ID_vx1fbu72202,1
ID_vxnt0s63494,0
ID_vyfh0v92281,0
ID_vzwa8s60101,1
ID_w08cjon0418,1
ID_w0r7kml0939,1
ID_w1qnp2r1746,0
ID_w32cagn1633,0
ID_w3n3gmh0737,1
ID_w56dxao2155,1
ID_w81wqpy0697,1
ID_wazfc442206,0
ID_wccwq892760,1
ID_wcg2xe80288,1
ID_wd4aq1x0784,0
ID_we2mm1s2457,1
ID_wf3jb3a1091,1
ID_wfa0ks13370,0
ID_wg8vv6b1593,1
ID_whr0m7y2176,1
ID_whrjp361600,1
ID_wi8wo9o2831,0
ID_wj1sco63299,1
ID_wm2hg0o1329,0
ID_wm2rb2b2973,1
ID_wm5dtm90808,1
ID_wns8n8p0620,0
ID_wpx1ca11495,1
ID_wt5uya50814,1
ID_ww2nf4u3023,1
ID_wwn0d3g1034,1
ID_wy70uec3057,1
ID_wy80syq0966,0
ID_wz1u3om0274,1
ID_x0dfau00990,0
ID_x1capw43201,1
ID_x1cf6uo2480,1
ID_x5gzvx80118,0
ID_x5k3vmw3234,1
ID_x6hyar13259,1
ID_x8tyns41790,0
ID_x93phvx1779,0
ID_xa1e2va1488,0
ID_xajhu761914,0
ID_xcx75cs1207,1
ID_xdv4o7s2738,1
ID_xfr3xw13478,1
ID_xfv9sr51473,0
ID_xh0jn0o2133,1
ID_xh5xwn12556,1
ID_xk29uoe0352,0
ID_xkdnp772245,1
ID_xlb5b1h0559,0
ID_xlrmi141407,1
ID_xm5ncm90321,0
ID_xnl70yb0464,0
ID_xo68gxu2122,0
ID_xo6g9qn1470,1
ID_xp2rzf92339,1
ID_xt01ktj3487,1
ID_xzfib790151,0
ID_y13eqpt0610,1
ID_y5lwc0z2271,1
ID_y8taix22693,1
ID_y8u3bwe2069,0
ID_yax2l6s1408,0
ID_ybolz120636,1
ID_ycd3of72426,0
ID_ycmi5u72460,0
ID_ydhe12g0537,0
ID_yfem25w2378,1
ID_yg2l7ud3380,0
ID_yk5b0xp2647,0
ID_yk5kh0g3241,1
ID_ykfy31w0622,0
ID_yl0p9zw0904,1
ID_yn1tx9r1771,1
ID_yn56pzj2260,1
ID_yoqwe863305,0
ID_yql6g5n2220,0
ID_yqsyh721474,1
ID_yt5e2zi1493,0
ID_yu7eu3g3467,1
ID_yyykn592157,1
ID_yz3nn4q0210,1
ID_yz61ipl0906,1
ID_yz63lyh3381,1
ID_z0hfr4o1819,0
ID_z0qc3tc1442,1
ID_z1ry5ih2175,1
ID_z3guw6o1994,1
ID_z3udgx20162,1
ID_z3zmer50639,1
ID_z4eyyy91179,0
ID_z4jf4ir1262,0
ID_z7s1bqr1030,1
ID_z8cz0qu1098,1
ID_z8l9gyw2127,1
ID_z8zfr7t2060,1
ID_z9rm8ky3104,0
ID_zbg1l3r3448,1
ID_zcygp690441,0
ID_zd6p3kn2694,1
ID_zj34jnx0787,1
ID_zjg7w9m3003,1
ID_zlk56oa0445,0
ID_zlul02r0716,1
ID_zmgw22g2852,1
ID_zocpx951532,1
ID_zol8c6t2586,0
ID_zrbpn371003,0
ID_zt15xgr0296,0
ID_ztqu1g22597,0
ID_zusm0s81339,1
ID_zwg55rw0499,0
ID_zx5q8mu0331,1
ID_zxi43di2593,1
ID_zy35dwr0955,0
ID_zyh1f5k1418,0
ID_zze46wn2613,1
id_10004a410,1
id_10046a852,1
id_10077430b,0
id_100b56bc4,0
id_100c2e00a,0
id_100df9011,1
id_1010ba353,0
id_10159b0f3,0
id_101f4ac0e,0
id_1022a47a7,1
id_1023e17c4,1
id_102d0be6a,1
id_103a98153,1
id_103db6836,1
id_104061718,1
id_104319ef7,0
id_10475d03c,1
id_1049de5b1,0
id_105761641,0
id_10581a957,1
id_10584b924,1
id_1059af5bd,0
id_105a99b8d,1
id_105b5f0ac,0
id_105c9d6cc,0
id_105e09986,1
id_105e87e23,1
id_1061f1d28,0
id_10664426b,1
id_10664a336,0
id_1077790a6,1
id_1087b35f0,1
id_1087f2c5d,0
id_1088bad2d,0
id_108b31d15,1
id_108e978d9,0
id_108ede5f5,1
id_109313872,0
id_1094cd2bf,1
id_109c37736,0
id_109e83739,0
id_10a1dd8d9,1
id_10a78dd66,1
id_10ae80d8a,1
id_10afcdfd9,1
id_10ba486d9,0
id_10baf91b2,1
id_10bcd0e87,0
id_10c033df2,0
id_10ca009b7,1
id_10cb3b0cb,1
id_10cf64394,1
id_10d0e45fa,0
id_10d19e5d4,1
id_10d4966fe,0
id_10d657e7a,1
id_10de593fa,1
id_10de5a2a8,1
id_10e1992e9,1
id_10e52a1cd,0
id_10e9138c5,1
id_10ed64dfd,1
id_10efe7bee,1
id_10f5a1a01,1
id_10f6caff2,1
id_10f7746d1,1
id_10f827034,1
id_10fd6814a,0
id_110ab0930,1
id_110c31456,1
id_110d4567c,0
id_1118fcbf4,1
id_1119c0630,1
id_111ae0935,1
id_11222d95f,0
id_11255fc0e,0
id_112af225d,0
id_112b5e364,0
id_112bc7ce9,1
id_112f59801,1
id_113103d99,0
id_113d9ff65,0
id_113fb0c31,1
id_114015e35,0
id_1140923d7,0
id_1143f37a0,0
id_11471882e,0
id_114c01d89,1
id_114c24635,1
id_11582db05,1
id_116133855,1
id_11668499b,1
id_1169e68a5,1
id_1179647a1,1
id_117f557c5,0
id_1186edb40,1
id_118af6995,1
id_1194265e4,0
id_1194b7b7c,0
id_1194e3944,1
id_11997d1f6,1
id_11aa419c1,1
id_11ab40d35,1
id_11ad4736f,0
id_11b0aef0c,1
id_11b1f7912,0
id_11b458dc7,1
id_11b4b1ddb,1
id_11b8121b3,0
id_11b88e088,1
id_11bdf6472,1
id_11c412cb4,0
id_11c78c769,0
id_11ccbf4c2,0
id_11cd1fa77,1
id_11cf2aee6,1
id_11d0a0856,1
id_11d3bca7c,0
id_11d3c2a8e,1
id_11d496655,1
id_11d57ad11,0
id_11d91d552,0
id_11db7eccf,1
id_11dd17181,0
id_11de58c21,0
id_11e0fe15f,1
id_11e76d6ca,1
id_11ebf1bae,1
id_11ef79242,0
id_11f0543d3,1
id_11f238f31,1
id_11f57dc29,1
id_11fa8dd35,0
id_11fcd01f3,0
id_11fe7f5d1,0
id_1201cb8a2,1
id_1202120ab,0
id_120661a8f,0
id_1208ef2f1,0
id_12095eb6c,1
id_1209d321c,1
id_121174af4,1
id_12189af03,1
id_121fda48c,1
id_122071457,0
id_1221c7e19,1
id_12248dccd,1
id_12257b522,0
id_122cd917f,0
id_12300b165,1
id_123356b6f,1
id_123440215,1
id_1236a9c55,1
id_12377274b,1
id_12377a05c,0
id_1238f58e5,0
id_12395b21d,0
id_123a1a42f,0
id_1245072d5,0
id_1247355cc,0
id_1248dc74f,1
id_124cc9e81,0
id_1252fb2b3,0
id_12570b987,0
id_12593f4e2,0
id_125d801e2,1
id_125edc045,0
id_1269b9dd9,0
id_126af9f70,1
id_12739a61a,0
id_1273a6925,1
id_127cd26c5,0
id_1286ac8ac,1
id_128ae10be,1
id_128c39eb2,1
id_12917c482,0
id_1293f0965,1
id_129ae492c,1
id_129c0a028,1
id_129f4af27,1
id_129f80752,1
id_12a2d7d96,1
id_12a42d9a2,0
id_12ab13b5c,0
id_12b39641f,1
id_12b8bd806,0
id_12c038703,1
id_12c145f48,1
id_12c2580c0,1
id_12c2dedd5,0
id_12c8239e8,1
id_12c93804a,0
id_12ca035fa,1
id_12caf8761,1
id_12ccfc425,1
id_12cfe688a,0
id_12d0fcf9d,0
id_12d5e1334,1
id_12d797319,1
id_12e13ab15,0
id_12e5ca95f,1
id_12e7a8dc8,1
id_12e8207eb,0
id_12ee3a687,0
id_12f26ab28,0
id_12f27caa1,0
id_12f5204c5,1
id_12fcbdabc,1
id_1300adaf3,0
id_130873132,1
id_130d03b03,0
id_131277827,0
id_13133110d,0
id_1313a286d,1
id_1317f9be2,1
id_131a87ba0,1
id_131bd7903,0
id_131d31488,1
id_131ffdcdb,0
id_1323a2595,0
id_13298c5dc,1
id_132b1a267,1
id_132b7d3c4,0
id_1333df654,0
id_13365874e,1
id_133842353,1
id_133950570,1
id_133b46cd5,1
id_133d4b9c8,1
id_1340fe1c3,1
id_1345a07d3,0
id_1345e843f,1
id_1346318bb,1
id_134d52dcf,1
id_134fa73d2,1
id_135230f09,1
id_1358f4afc,1
id_135a3f6cb,1
id_136a163f0,1
id_13780d59e,0
id_1379e21e5,1
id_137d5e6b7,0
id_137fe0e7d,0
id_13801e1c7,1
id_13823699f,0
id_1384e4235,0
id_138660c3b,0
id_138c1af78,1
id_138d49259,0
id_138ee16ea,0
id_139a4c123,1
id_13a0a5ec6,1
id_13a306b61,0
id_13a3bfbe3,0
id_13a49a35f,0
id_13a49a776,1
id_13a973579,0
id_13ac36a74,1
id_13bd346f0,1
id_13c3ede10,0
id_13cd22d08,1
id_13d2580a3,1
id_13e8b7e71,1
id_13ed454d2,0
id_13ee6e380,0
id_13f31c17e,1
id_13f3f240d,0
id_13f4a0367,1
id_14104ab47,1
id_1412fad37,1
id_14169721a,0
id_1418e4d71,0
id_1418fab51,0
id_141cf8f3d,1
id_142209b91,1
id_14225f870,0
id_1429e4b81,1
id_142be5a3e,1
id_14345d476,0
id_143d954fe,1
id_14408e64c,1
id_14417e580,1
id_144417a3d,1
id_1444ef7d0,0
id_144689a60,1
id_144b1f2f0,0
id_144d477e4,1
id_1450d4b48,1
id_1457db16d,0
id_145be7c2d,0
id_145d1e2a6,1
id_1460f5ecc,0
id_1461dc855,1
id_14643abc8,1
id_14698191d,1
id_146cec786,1
id_147ace1a0,1
id_147ae51fb,0
id_1480760eb,0
id_14825876c,1
id_1488cc61c,1
id_1488e23d0,1
id_148bc8b7d,1
id_148ee3f1e,0
id_1490d1543,1
id_14943ab6c,1
id_149582f1d,1
id_1496a08ef,1
id_14978f2c3,1
id_14991979e,1
id_149ce6517,1
id_14a3f7898,1
id_14a413767,1
id_14a518e60,1
id_14a654266,1
id_14a735b55,0
id_14afdbc18,1
id_14b1801d3,1
id_14b2122e5,0
id_14b275707,1
id_14b2ddd54,1
id_14b56176f,0
id_14b6f5c4c,0
id_14b86ab15,1
id_14bae0e28,0
id_14bb4256c,1
id_14c042aae,1
id_14c56bd72,0
id_14c62b6a6,1
id_14c8fd6dd,1
id_14cebabca,0
id_14d5ee9bd,1
id_14d670a7e,1
id_14db1618f,0
id_14db26671,1
id_14dcd28ee,1
id_14e23d0b0,1
id_14e8f2eea,1
id_14eba42b2,1
id_14ef8d192,0
id_14f72d5f2,1
id_14fa8605c,1
id_14fd65e72,1
id_14fdbe863,0
id_15005f517,1
id_15018e7e8,1
id_1501db786,0
id_1502974ed,0
id_150632062,1
id_150779e89,1
id_150ab07e2,1
id_150c0d153,0
id_150f28386,1
id_151797b54,0
id_151d33693,1
id_15223570c,1
id_1527f24c6,1
id_1527fe63f,0
id_15288bb51,0
id_1529440b5,0
id_152a2da8d,0
id_152c5e491,0
id_152d7c17c,0
id_152f48a60,1
id_15310a0a7,1
id_15316519d,1
id_1535cbcfc,1
id_153c6647b,0
id_154002891,1
id_154ab6979,1
id_155386879,0
id_1556c6d62,1
id_1559fdba6,1
id_155edffe0,0
id_1560ffe91,0
id_1561c90db,0
id_156acc061,1
id_156d7ee43,1
id_156fb99e9,0
id_156ffb044,0
id_1573ad342,1
id_157430d2c,0
id_157b1b494,0
id_157c967a1,0
id_157d37e30,0
id_158b7605a,1
id_158cd815f,1
id_158e6a7c1,1
id_1593bc5c0,1
id_1595bb22f,0
id_15963c6e2,1
id_159a803c3,1
id_15a3528d1,1
id_15a427346,0
id_15ab011e7,1
id_15ab30170,1
id_15ac4f996,1
id_15ae6d18d,0
id_15aeacce2,1
id_15af65793,0
id_15af9b5e0,1
id_15b14ba3c,1
id_15bb7fb7f,1
id_15c6e8e75,0
id_15cfdaebb,0
id_15d1c43d9,1
id_15d259707,1
id_15d40fed1,1
id_15d4b9ea2,0
id_15d500811,1
id_15d52a856,1
id_15d5fa748,0
id_15da3f531,1
id_15dcf0c64,0
id_15e8ec75f,0
id_15f04cb63,1
id_15f5126b2,0
id_15f91eb44,1
id_15f9cb6ff,1
id_15fc3f6a6,1
id_15ffde9a2,1
id_16048f75d,1
id_160912031,1
id_161222ab6,0
id_1617e2ce7,0
id_161d1e2c8,0
id_161fa279a,0
id_16233816f,0
id_162422c12,0
id_1626ab7ff,1
id_1635843c0,1
id_16415656f,1
id_1641ce1c6,0
id_1642565cc,0
id_16460f747,0
id_1647909c8,0
id_16495c80b,1
id_164b39d41,1
id_164b46b14,1
id_164da0402,1
id_16519a357,0
id_16552025d,1
id_1656a1ef4,1
id_16573bdbb,1
id_166030b10,1
id_1666475ec,1
id_16671c553,1
id_16677d16b,1
id_166d0cf03,1
id_1671352dc,1
id_167176c75,0
id_1671a407a,1
id_167374814,0
id_16740230c,0
id_1677d6783,0
id_167b4d7fe,0
id_167eccfce,1
id_1685aeb59,0
id_168c49b59,0
id_168e84262,1
id_1692fd17e,1
id_1694cf1f2,0
id_1695ff70f,1
id_16985ac16,1
id_16a2cba03,1
id_16a9b38f4,1
id_16c0a253e,0
id_16c35d8d5,1
id_16ca0bceb,0
id_16d569cbc,1
id_16d8c593f,1
id_16d99fe3a,0
id_16db3ee6f,0
id_16dd2dfa2,1
id_16e7416d8,0
id_16ee20c93,1
id_16f06e8f1,1
id_16f97c237,0
id_16fa17dcc,1
id_16fe75715,0
id_16feb28d7,0
id_17012d083,1
id_1702f66d5,1
id_170757dc5,1
id_1707ec24c,1
id_1708627a6,1
id_170c8249d,1
id_17108d0d7,0
id_1713bc6bd,0
id_1717b45d3,1
id_1719e2730,0
id_171a2767c,1
id_171ade91d,0
id_171b08cfe,1
id_171cb67bf,0
id_171d0a1b7,1
id_171e5b4a1,0
id_1724a538d,0
id_172838a66,1
id_172f11686,1
id_173052651,1
id_173090b04,0
id_17320afa8,1
id_1734a1aeb,1
id_1735d418e,0
id_173b4f43e,0
id_17404699e,1
id_1744fc6fd,0
id_174c8c75b,0
id_174f27c8c,0
id_1751a12b8,1
id_1752dc943,1
id_17569ec9a,1
id_17579e848,0
id_175e05454,0
id_176197e9f,1
id_1765c87e7,0
id_17694e6d6,1
id_176c4ae85,0
id_176d6badb,1
id_176f17785,1
id_176f68526,1
id_1773a008b,1
id_17782ae05,0
id_177b39c1b,0
id_177d1d4ce,0
id_1782d30d8,1
id_17834ce55,0
id_178523953,0
id_17891c575,1
id_178b5e865,1
id_17936214e,1
id_1793c5768,1
id_17965127c,1
id_179835f20,0
id_1798c1a76,0
id_179f2f5d1,1
id_17a0009c5,1
id_17a20032d,1
id_17a2f183f,0
id_17acc1e9a,1
id_17b084bfa,1
id_17b9b1d95,1
id_17c39428e,1
id_17c4b953a,1
id_17c5b6fef,1
id_17c6ae6ae,0
id_17c7b2385,0
id_17c819b79,0
id_17d2c7bb9,1
id_17d435701,0
id_17dae0727,0
id_17dcfd743,1
id_17dd8037a,0
id_17dd86160,1
id_17e178eca,1
id_17e21cf47,1
id_17eaa4748,0
id_17ee792f5,1
id_17f09a438,1
id_17f2b69cc,1
id_17f6f52d6,1
id_17f804a96,1
id_180c75df8,1
id_180d60a23,1
id_180e046f0,1
id_1819b64b8,1
id_181da198b,1
id_181db8944,0
id_182027c76,1
id_182b500a9,1
id_182e68fed,1
id_182f3edc7,1
id_183a4e9de,1
id_1841228f3,0
id_1849f1178,1
id_184cb9899,1
id_184f25e53,1
id_1852664e9,0
id_185384119,0
id_1854217b1,1
id_1857e2096,0
id_1860c8a5c,1
id_186773037,1
id_1868a78c6,1
id_186bf0749,1
id_186e9215c,0
id_18799c79b,1
id_187b55671,1
id_187dd8b3d,1
id_187e53a9a,1
id_1881a8cc8,0
id_1881abcd9,1
id_1885d24d4,1
id_1886c5375,0
id_18892976a,1
id_1895f0e7e,0
id_189b04d12,1
id_189eaf0e4,1
id_18a558046,1
id_18a60ed68,1
id_18a65e96f,1
id_18a6ceaff,0
id_18a6e1c8e,1
id_18aa2193e,1
id_18ad9153e,1
id_18ae4aec7,1
id_18b4cc750,1
id_18b75e158,1
id_18b93d5cf,1
id_18bcb8952,0
id_18c01e4cf,1
id_18c09b43f,0
id_18c0a00b6,0
id_18c77eded,0
id_18cdb698e,1
id_18d13a011,0
id_18d47b4b0,1
id_18db7b9a8,0
id_18e4930d1,1
id_18e4d1e9a,0
id_18e70cee8,0
id_18e785568,0
id_19002e33d,1
id_19059d8b4,0
id_19078e68f,0
id_1907fdae2,1
id_1910194b8,1
id_1911d987b,0
id_1912f69b8,1
id_1915f159a,0
id_19163b1d6,0
id_191b24fe7,0
id_19247515b,0
id_192672cf0,1
id_192dbf995,0
id_193121fdc,0
id_1935ec892,1
id_193a23004,0
id_193ceb1d0,0
id_193e1fbab,0
id_193fb4e61,1
id_194259ab5,0
id_194357a2d,1
id_194f63908,1
id_1951ef92d,1
id_195d72a96,1
id_196227d46,1
id_1964e2d87,0
id_19652a99d,1
id_19659f663,0
id_196d89a8b,1
id_1971649ca,1
id_1971f949c,0
id_1971fc9cb,0
id_19720d45d,0
id_197f0c68e,0
id_197f3732b,1
id_197f5bbd2,0
id_198185ab7,1
id_19860bef7,1
id_19865e018,1
id_1986db030,1
id_198995493,1
id_198b3aa8f,1
id_198c99da5,0
id_1993ab836,1
id_199efcbf7,1
id_199fcde51,1
id_19a301073,0
id_19a3e644b,1
id_19aaec75d,0
id_19ae01da6,0
id_19b1c238f,1
id_19b24e05f,1
id_19b2d9880,0
id_19b604045,0
id_19b7a5228,1
id_19bfd0020,1
id_19c20f1ae,1
id_19c40153f,0
id_19c51758a,1
id_19cc351cd,1
id_19cca3b97,1
id_19cee6827,1
id_19d68875d,1
id_19e015651,1
id_19e613a97,1
id_19e857ae6,1
id_19f002ff4,1
id_19f2db126,1
id_19f7481b6,1
id_19f90c3a6,1
id_1a0d180d2,1
id_1a10e72b8,0
id_1a14ea1ef,1
id_1a1d3165f,1
id_1a1ded85f,1
id_1a21ecaaa,0
id_1a250d1cb,0
id_1a2a3bf88,0
id_1a2b45869,1
id_1a2b4e1f8,0
id_1a2b6f613,1
id_1a2b9efed,0
id_1a2f3f1ed,1
id_1a373cc24,1
id_1a37bb3fd,1
id_1a3cb10f9,0
id_1a3eb89a1,1
id_1a3efd670,0
id_1a469a4d0,0
id_1a4d90f34,0
id_1a4dc6532,1
id_1a4e12e5a,1
id_1a566736d,0
id_1a56f210d,1
id_1a59b45fb,1
id_1a5a27862,0
id_1a60071e3,1
id_1a615a0a0,0
id_1a65d0f94,0
id_1a676f9e5,1
id_1a6d5cc02,0
id_1a76b9038,1
id_1a76bfedc,1
id_1a7e7fe57,0
id_1a80a68e5,1
id_1a82135e8,1
id_1a8229c31,0
id_1a825c7eb,0
id_1a82d5f80,1
id_1a8411030,0
id_1a87d404d,0
id_1a88becfb,0
id_1a8d49f7d,1
id_1a8fab918,0
id_1a8fed988,1
id_1a92ae090,1
id_1a98e034a,1
id_1a9956d14,1
id_1a9a226a0,0
id_1a9a9959e,1
id_1a9e2f74e,1
id_1aa34404c,1
id_1aaa8175f,0
id_1aab0217d,0
id_1aad0cce3,0
id_1aaff5b05,0
id_1ab015cf9,1
id_1ab9c643f,0
id_1abe1fa32,1
id_1ac6edd44,1
id_1ad4ad1b7,0
id_1ad4bf11f,1
id_1ad7c6246,0
id_1ad856dd4,1
id_1adc8cbae,1
id_1ae5981d2,0
id_1aebf42d6,1
id_1aec33fd5,0
id_1aee348a1,0
id_1aeea11a6,1
id_1af13ca95,1
id_1af7a1058,1
id_1af8a267a,1
id_1afdf67ce,0
id_1b0472136,0
id_1b07175d3,1
id_1b07bcfd6,1
id_1b12a23cf,1
id_1b16c14d4,1
id_1b17cf10a,0
id_1b1ea9f91,1
id_1b20203d5,0
id_1b26cff90,1
id_1b28b26ec,1
id_1b2ce9e6f,0
id_1b30edeb5,1
id_1b321ab19,0
id_1b34f6849,1
id_1b36a6048,1
id_1b3b58b11,1
id_1b4104700,0
id_1b431f9ba,1
id_1b437904b,1
id_1b45c449a,1
id_1b470401a,0
id_1b482add4,1
id_1b4992135,1
id_1b499fed8,1
id_1b535bbf4,0
id_1b55496ee,0
id_1b558635c,1
id_1b57e24dc,1
id_1b59f9c5c,0
id_1b5d9588a,0
id_1b6528af8,1
id_1b662ffa2,1
id_1b66e8977,0
id_1b6ca79cd,1
id_1b714e1bb,1
id_1b7630d18,1
id_1b7969b68,1
id_1b83c17bf,1
id_1b8aa22ae,1
id_1b8f09b14,1
id_1b919e793,1
id_1b9471be0,1
id_1b954a254,0
id_1b994d673,0
id_1ba1a4f5d,1
id_1ba2e586e,1
id_1ba7138b7,1
id_1ba8bb8b9,1
id_1baf3dca6,1
id_1bb2def1a,0
id_1bbad4bf3,1
id_1bc0890db,0
id_1bc1c0454,0
id_1bd29cc46,1
id_1bd55e31c,0
id_1bd60a9cf,1
id_1bd66c9af,1
id_1bde29fb2,0
id_1bdf04289,1
id_1be236c91,0
id_1be2c1baa,0
id_1be3084da,0
id_1be7caaf1,0
id_1bed43275,0
id_1bf4c2621,1
id_1bf5c4493,0
id_1bf5ca449,1
id_1bf744251,0
id_1bf9768eb,0
id_1bfbc71bf,0
id_1c02363c9,0
id_1c027231b,0
id_1c067dbb3,1
id_1c07f0b82,1
id_1c0a0c317,1
id_1c0a53cc1,0
id_1c110d10e,1
id_1c2b0f0cb,0
id_1c2d82838,0
id_1c2da3d71,1
id_1c3591b6a,1
id_1c3b769f1,1
id_1c3bf63ec,1
id_1c3eaae34,1
id_1c3f58246,0
id_1c3fa7ce5,1
id_1c406ea77,0
id_1c4295db0,0
id_1c42c33b1,0
id_1c542f1da,0
id_1c590f5c1,1
id_1c5dd2c47,0
id_1c633c0b7,1
id_1c67ac929,1
id_1c6abd4fd,0
id_1c7aaa404,1
id_1c82ae219,1
id_1c83f23cf,1
id_1c8560812,0
id_1c85cf27f,1
id_1c86d4a34,1
id_1c891d6d7,1
id_1c8926f10,1
id_1c9332767,0
id_1c94ac289,0
id_1c99b39f1,1
id_1ca39ca2e,1
id_1ca4a73e8,1
id_1ca56f3f1,0
id_1ca5fc84f,0
id_1caa077fe,1
id_1cabfb4b2,0
id_1cb1609cb,1
id_1cb9953f1,0
id_1cbf58071,1
id_1cc18b3c4,1
id_1cc1eff9d,0
id_1cc38786f,1
id_1cc3d79a5,0
id_1cc9082fa,0
id_1cce08086,1
id_1cd4b7335,1
id_1cd631219,1
id_1cd6e2e9f,1
id_1cde4ad29,1
id_1cdfa2600,1
id_1ce9297c9,1
id_1cec25c31,0
id_1cef890b8,1
id_1cf26cbcf,1
id_1cf2ac6d1,1
id_1cf525e89,1
id_1cf579aba,0
id_1cf6c9401,0
id_1d0955307,1
id_1d0dce0a5,1
id_1d0fcfd39,0
id_1d12236af,0
id_1d140f25e,1
id_1d1b9ca0b,0
id_1d221d3bf,1
id_1d2ce491c,0
id_1d331a8c2,0
id_1d368e7ec,1
id_1d3c1ae40,1
id_1d414d8e1,0
id_1d426a5b3,0
id_1d4721a5f,1
id_1d4783a79,1
id_1d4ac3940,1
id_1d4bb7fa7,1
id_1d4df8f72,1
id_1d5453ad0,0
id_1d5af81c8,1
id_1d5d0dc5e,1
id_1d628dbfd,1
id_1d63922e9,0
id_1d65ab98d,0
id_1d6929caf,1
id_1d6e4e877,1
id_1d71882ec,0
id_1d76f492e,1
id_1d7a4d8c0,1
id_1d7b45d61,0
id_1d7cc1335,0
id_1d84064f9,1
id_1d840dafd,1
id_1d8505f6d,1
id_1d895d39c,0
id_1d8ae7fa0,0
id_1d9242bb4,0
id_1d9436ba9,1
id_1d97a4cef,1
id_1d9c72aca,1
id_1d9dd3260,0
id_1d9e56e4f,0
id_1da25f8ef,1
id_1da52dfb8,1
id_1da95bb94,0
id_1dac50f5b,1
id_1daf5b914,1
id_1db0c0bef,0
id_1db86b1bc,1
id_1dbae9d29,0
id_1dbb8f26d,1
id_1dbc3d579,0
id_1dbfca743,0
id_1dc238b9f,0
id_1dc5fb15f,0
id_1dc5fd906,0
id_1dc6baab5,1
id_1dce82b1a,0
id_1dce8ccc9,1
id_1dd191674,0
id_1dd24f766,1
id_1dd3447e1,1
id_1dd4bc9b3,0
id_1dd5b511e,1
id_1dd64ff8e,1
id_1dd77eaf9,0
id_1dde6d182,0
id_1de60ff89,0
id_1de7d6e0c,1
id_1deb4d23c,1
id_1df41d36f,0
id_1df4dc380,1
id_1df6438ff,1
id_1df77a5b9,0
id_1dfceb893,0
id_1dfe186da,1
id_1e009a055,1
id_1e05a7c7b,0
id_1e08d8f48,0
id_1e156a09e,0
id_1e1773dbd,1
id_1e17fea9e,1
id_1e193ce4d,0
id_1e1c0c84e,1
id_1e21f04aa,0
id_1e237bfb9,0
id_1e2682739,1
id_1e2d235f5,1
id_1e3217b89,0
id_1e32fe23e,1
id_1e444a9ff,1
id_1e4519d6f,0
id_1e46869b6,0
id_1e48b73d5,1
id_1e4e572e1,0
id_1e4efe86b,1
id_1e4f7766c,1
id_1e513f621,1
id_1e52bd39b,1
id_1e54a886a,0
id_1e5588953,1
id_1e56e1ed0,1
id_1e5fc68b1,1
id_1e60591ab,0
id_1e69a11e6,1
id_1e6ddbd7e,0
id_1e6eedac0,1
id_1e7300242,0
id_1e74e05ca,0
id_1e7e6cc2d,0
id_1e8eac4b0,0
id_1e92e6824,0
id_1e93474a6,1
id_1e9955f66,1
id_1e9cde440,1
id_1e9ec41f1,0
id_1ea93d1fe,0
id_1eaf19966,0
id_1eb2e18d8,1
id_1eb423d4f,1
id_1eb6e6661,1
id_1ec0ef04a,1
id_1ecbe37bf,0
id_1ecc1936c,1
id_1ed549c98,0
id_1eda0c2e3,0
id_1ee00f697,1
id_1ee2be18c,0
id_1ee360253,0
id_1ee49833b,1
id_1ee5d195d,1
id_1ee5f9ae9,1
id_1ee680679,1
id_1ee78b725,1
id_1ee8a7ad4,1
id_1eedf5bc0,1
id_1eeeb940c,0
id_1ef770a07,1
id_1efe1ed5f,0
id_1efe21b47,1
id_1f00cc6f0,0
id_1f040b193,0
id_1f052f996,1
id_1f055594c,1
id_1f09c0ed3,1
id_1f0bdb74c,1
id_1f2219282,1
id_1f2490036,0
id_1f2a22be1,0
id_1f328878d,1
id_1f33402cc,1
id_1f33c4efe,1
id_1f3585661,0
id_1f38494e3,1
id_1f393eea8,1
id_1f3cad13c,1
id_1f435d874,0
id_1f462b5ea,0
id_1f49ad924,0
id_1f4dc59c2,1
id_1f4dd9c4b,1
id_1f4f138a6,1
id_1f4f7c272,1
id_1f522687f,0
id_1f57a98c3,1
id_1f5816855,0
id_1f5b748e0,1
id_1f5fe5d27,0
id_1f65c02bf,1
id_1f733143b,0
id_1f73d15cc,0
id_1f75e61c4,0
id_1f75fffa4,0
id_1f7a9a4c0,1
id_1f7f03ef9,0
id_1f82b6883,1
id_1f84c21b4,1
id_1f90a9542,1
id_1f97b441b,0
id_1f99cb5f0,0
id_1f9a65608,0
id_1f9e17dab,1
id_1fa14f6f9,0
id_1fa27c74b,1
id_1fa36a35d,0
id_1fa3c8d4e,0
id_1fa631f01,0
id_1fa6e12be,1
id_1faee44b7,0
id_1fb05b519,1
id_1fb0a0fe8,1
id_1fb47d22b,0
id_1fb70c850,0
id_1fb73af39,0
id_1fbd150fb,1
id_1fc18af82,0
id_1fc56f4ce,0
id_1fc583697,0
id_1fc71946c,1
id_1fc89d8cb,1
id_1fcaf9894,0
id_1fcdd4c25,1
id_1fd0188c1,1
id_1fd20f873,1
id_1fd41add8,1
id_1fd6bea29,1
id_1fd7f1a7d,0
id_1fd8677c1,1
id_1fde1b050,1
id_1fe29303f,0
id_1fe4c530f,1
id_1fe7ec3ff,1
id_1feb5e66d,1
id_1febfc75c,1
id_1feca7111,1
id_1fedf314b,1
id_1ff0e105f,1
id_1ff14ba25,1
id_1ff85bafb,1
id_1ff9974ff,0
id_1ffb153f5,1
id_1ffce096e,0
id_2002892a6,0
id_2004e2055,1
id_20051edd4,0
id_2011e9adf,1
id_20187d5ca,1
id_201d1c997,1
id_20208b590,0
id_2026367e0,0
id_2028a29e8,1
id_202b0adbc,1
id_203109b8b,1
id_2032d1146,1
id_20340b646,0
id_2037625da,1
id_203cd1d98,1
id_203da4975,0
id_203ef09cf,0
id_20405284a,1
id_20407750f,1
id_2040f7d8d,1
id_2047b2b93,1
id_204a5f350,1
id_204b53722,1
id_204ff747f,1
id_2050bcc2e,0
id_2056e0708,0
id_205b36d69,1
id_205b8d087,1
id_205c2be97,1
id_205cdb722,1
id_2065f5258,1
id_206f4da5c,1
id_20732c494,1
id_207489446,1
id_20794df4f,0
id_20814450e,1
id_20867bafa,0
id_2087e84b3,0
id_208be307f,0
id_208d8546c,0
id_208ef5e8d,1
id_209ab28c8,0
id_209d20198,0
id_209fabee6,0
id_20a61fa6d,1
id_20a8d2db6,1
id_20aa5b5ec,0
id_20ae2f57c,1
id_20bd22e45,0
id_20be87d9f,1
id_20c00e352,1
id_20c91312d,1
id_20c948a66,1
id_20cae7830,0
id_20ccc3871,0
id_20cea57e5,0
id_20d147386,1
id_20d2e57f4,1
id_20d3e5943,1
id_20d5e8948,1
id_20d63e12f,0
id_20db5a424,0
id_20dd21ee8,0
id_20eae1fd3,1
id_20ec55ce3,0
id_20f1ac04b,1
id_20f1b6f7f,1
id_20f36c2f6,0
id_21018d2fd,1
id_2107eca1b,1
id_210e1a1d7,0
id_210f7d96a,1
id_2115da716,1
id_21189fa0f,1
id_211985f30,1
id_21199052d,1
id_212d1eaad,1
id_213207c7a,1
id_213333bae,0
id_2139a8e23,1
id_213d251f0,0
id_213dc0f3d,1
id_213e7aed9,0
id_2140306ac,1
id_21409c1b5,1
id_214da4320,1
id_214f36060,0
id_2150386e3,1
id_21518c0a4,0
id_21529744a,1
id_215351cf0,0
id_215379674,1
id_21552a2ce,1
id_215a35afe,1
id_215fbc3b5,1
id_21612d756,1
id_216603e64,1
id_216638a25,1
id_21683f582,1
id_216a011ad,0
id_216eba79f,1
id_2171ff733,0
id_2172a6513,0
id_2175ebe90,0
id_217bf19bf,1
id_217c4dc1a,0
id_217cc8ca2,1
id_217cde830,1
id_217ffead7,1
id_218162372,1
id_218167251,1
id_218320708,0
id_218f9172c,1
id_219cbc6b0,1
id_219fdd1cd,1
id_21a28383d,1
id_21a39db70,0
id_21a580690,1
id_21a770eec,1
id_21aa6f8d7,0
id_21ab415f7,1
id_21b179ed5,0
id_21b1cd7b7,1
id_21b8c4728,1
id_21b986365,0
id_21c01fd5e,1
id_21c9cc09d,0
id_21cc08bf7,0
id_21cee21aa,0
id_21d1adc32,0
id_21dd12e89,1
id_21e3c09f9,0
id_21e4ec7d0,0
id_21e89319c,1
id_21eac5b0e,1
id_21ee44616,1
id_21ee67178,0
id_21f0a2fea,1
id_21f8c65e0,1
id_22053535e,1
id_220718685,1
id_22078ae42,0
id_220b1d84d,1
id_221300faa,0
id_221b17324,0
id_221d93edf,1
id_221fd6405,1
id_222115e41,0
id_2223a86dc,1
id_22259cdd2,1
id_22262d09f,1
id_22281b985,1
id_22328f044,1
id_223ad3349,1
id_223dbaf76,0
id_224ce9750,1
id_224d3bddc,0
id_2259e8d68,0
id_225ca3047,1
id_225e7b9d6,0
id_225fc1289,0
id_22640fc9b,1
id_22645e221,0
id_2264e721c,1
id_2266217d0,0
id_22687ed55,1
id_22688272f,1
id_226b7a603,0
id_227220489,1
id_2276b13da,0
id_227701d6c,1
id_227bbef17,1
id_22864d5a3,0
id_22867bf1d,1
id_22875f92a,0
id_228793c43,1
id_22891b3cf,0
id_22893018f,1
id_228e40059,0
id_228ec2bbc,1
id_22963cbe9,1
id_22978a45b,0
id_229cd2e54,1
id_229dec6d0,1
id_22a25a026,1
id_22a3db774,1
id_22a445f2e,1
id_22ac3e457,1
id_22ad39ddf,0
id_22b5fc2cc,0
id_22b75c5b1,1
id_22bba84af,0
id_22be88e41,1
id_22c55af55,1
id_22c6d08ee,0
id_22cb08ed6,0
id_22cd7eb9b,1
id_22d00b2cb,0
id_22db001a4,1
id_22dc25b95,1
id_22ddb47ef,1
id_22deb2833,1
id_22df301ff,1
id_22e3ea765,1
id_22e607ef4,0
id_22eb9a18a,0
id_22ecfd6c6,0
id_22f22a97f,1
id_22f4f2294,0
id_22f53a8f2,1
id_22f68d098,1
id_22f89a55b,0
id_22fbefc18,1
id_22feed366,0
id_230061e37,0
id_2302fedbb,1
id_230b526f7,0
id_230bd1ff4,1
id_23121836f,0
id_23123c474,0
id_2315f57a7,1
id_23166721f,1
id_2319e950e,0
id_231b8ae8c,1
id_231c6a6e4,0
id_2324c9bc7,0
id_2329308a3,0
id_23312fbc5,0
id_2331b38ce,1
id_2331c89bd,0
id_2338678b8,1
id_233bdab49,1
id_233f45946,0
id_233f8c192,0
id_2340fda2f,0
id_2341e38e0,1
id_234c90cd4,1
id_2358a8ca6,1
id_236085b6c,1
id_236a47598,1
id_236abb620,0
id_236d5a64d,0
id_2377a9fd4,0
id_237c1d2af,1
id_237c5d442,0
id_237e01416,1
id_237f83ca5,0
id_237fc65be,0
id_2383a66d8,1
id_238712c5a,1
id_2387cb5ca,1
id_238cf901c,1
id_238f3a23e,0
id_238f6fb80,0
id_2393926a3,0
id_239499179,1
id_239809c61,1
id_2399a765e,1
id_23a65e812,1
id_23a6932db,0
id_23a81aa45,1
id_23afc0bbe,1
id_23b034502,1
id_23b31c1ea,1
id_23b420afb,1
id_23b5cc969,0
id_23b9469ac,1
id_23ba91d1d,1
id_23c66189c,1
id_23c92d812,1
id_23d4e1c8d,1
id_23d5dfba8,0
id_23d6cb68e,0
id_23dadad23,1
id_23e6c0879,1
id_23ede1bf6,1
id_23f2f739c,1
id_23f749791,1
id_23fa534f7,0
id_240bcd185,1
id_240daeb7e,1
id_2413793fc,0
id_24187ec6f,0
id_2419558bc,1
id_241b9eb26,0
id_241d5e4e0,1
id_241ddb71a,0
id_241de894f,0
id_2422e506a,0
id_2434926e7,0
id_2434c9e81,1
id_24379ad2e,1
id_243ccf6eb,1
id_243d568c8,1
id_244869664,1
id_244ee4d6e,1
id_244eebd75,1
id_2451f9af2,1
id_2453618f6,1
id_245384efe,1
id_24596183b,1
id_245d8399a,1
id_2460c6ef2,1
id_24688c201,1
id_246b0d26c,1
id_246c3bfaa,1
id_246c9504e,0
id_2473c00e1,1
id_247681c6a,0
id_247db89c0,0
id_2484d9cd4,0
id_2487c2f59,1
id_248bbe394,0
id_248d35051,1
id_248e0ce08,0
id_2491ccb63,1
id_2491eabd1,1
id_24925e8b0,0
id_2496b771d,0
id_249a0caa4,1
id_249c5b85e,1
id_249f7f3ae,0
id_24a9efc9e,0
id_24adb28e9,1
id_24ae913cc,0
id_24b32a610,1
id_24b61c1c0,1
id_24b8e3621,0
id_24b8f5a9e,1
id_24bbc9ba7,1
id_24c0052d8,1
id_24c274118,1
id_24c2d0ae9,1
id_24c3fa912,1
id_24cbe57a0,1
id_24cc22d43,1
id_24cce736e,1
id_24d3add38,1
id_24d452d68,1
id_24db8f946,0
id_24e96a7f1,0
id_24ed6a249,0
id_24f2dcc42,0
id_24f6e43d6,0
id_24f770eac,0
id_24fd09f7f,1
id_24fe3590f,1
id_250218cfa,0
id_25046294f,0
id_2517173b4,1
id_251cfd51c,0
id_251f05f86,0
id_252151b10,1
id_2526f370c,1
id_252a27584,1
id_252b3e8ee,1
id_252b68c46,1
id_25356e5a0,0
id_253671bd0,1
id_253c85ba4,1
id_2541c1b1e,1
id_2542abb0c,0
id_254ba16c8,0
id_25500e9c9,0
id_2553e19c7,1
id_25569aed4,1
id_2558d64ad,0
id_255ce8fa4,1
id_256567732,1
id_256595cf0,1
id_25681d403,1
id_2568bfe25,1
id_257368bce,1
id_257679af3,1
id_2580a65d1,1
id_25820e3de,1
id_259a2e17f,0
id_259b78d54,0
id_259f563bb,1
id_259f9678e,0
id_25a5b0078,1
id_25a5f3684,0
id_25ad8af10,1
id_25b0f4c93,1
id_25b49bf05,0
id_25b6e08fc,1
id_25b76e97d,0
id_25bcfec4a,0
id_25c1e6bee,1
id_25c4441a4,1
id_25cbab77e,0
id_25cf1cf1a,1
id_25d65b116,0
id_25dc66951,0
id_25dd1c437,0
id_25deea407,1
id_25e0981e7,1
id_25e9580e5,1
id_25ea54549,1
id_25eadd61a,1
id_25eb6553f,1
id_25f605228,1
id_25f7f7dbe,1
id_25fb9f245,1
id_25fdb5ba9,1
id_25fe155bd,1
id_260265c6b,0
id_26097cf88,0
id_260b8177b,1
id_260eab026,0
id_26112af05,0
id_261aedecd,1
id_261bea549,1
id_2620fc8a7,1
id_2622e9b23,1
id_26272cded,1
id_262b58da3,1
id_263541a81,0
id_2635c13af,0
id_263eebdf0,0
id_26454b218,1
id_26466c5a0,1
id_26488ecee,0
id_264e6c19b,1
id_265077e36,1
id_265115583,0
id_26535930d,1
id_2654c6944,0
id_26599bd0d,0
id_26606388c,0
id_266362827,1
id_26652ad52,1
id_266bd3e9c,1
id_266c14b0c,1
id_2675435d4,1
id_2675a76df,1
id_2676a68c2,1
id_2677410f9,0
id_267971d7d,1
id_267d10315,1
id_2681a06e0,1
id_268d4c426,0
id_2694ee74f,0
id_2698126b7,0
id_26a1e83d6,1
id_26a76b518,1
id_26a7f9d53,1
id_26aac73be,1
id_26adbc38c,0
id_26b05bbf4,1
id_26b2ac41f,0
id_26b38c0ad,1
id_26b42c660,1
id_26b69d84c,0
id_26bc3c1f2,0
id_26be2706a,1
id_26c5885ef,0
id_26c59cd20,1
id_26c9018e0,1
id_26da69edf,0
id_26dd8ce2c,0
id_26e368d9e,0
id_26e435ce3,1
id_26e5756e2,0
id_26e8fb2b8,1
id_26e9fb4ab,1
id_26ea0f5bd,1
id_26ea362ce,1
id_26f1e1dbc,0
id_26f1f6bfb,0
id_26f486d96,1
id_26f668296,1
id_26f9abe9d,0
id_26fa1ab2d,0
id_26ff1a35e,0
id_2702933ce,0
id_2705c64c2,1
id_270c7ec0d,1
id_2710b867d,1
id_2712b8309,0
id_272039261,1
id_27226261e,1
id_272266ec9,1
id_27246ae92,1
id_272643f5b,0
id_27272cbdf,1
id_272f57984,1
id_273445347,0
id_273e603dd,0
id_273eb0a9f,1
id_2741c1e33,0
id_27472e5df,1
id_2756351bf,0
id_275c1fec4,0
id_276d490a4,1
id_27708ecfc,1
id_27796a596,0
id_278005ee0,0
id_278270f41,1
id_2784b6eb3,0
id_2787bf9c3,0
id_278de542c,0
id_27949b019,1
id_279afeb42,1
id_279c5ad44,0
id_27a381220,0
id_27add4bdf,0
id_27b058d4d,0
id_27b21d083,0
id_27bf4b4f4,1
id_27c1763fc,0
id_27c399578,1
id_27c87da53,1
id_27d0e501e,1
id_27d548b50,1
id_27dd05d50,1
id_27de0a857,1
id_27df99142,0
id_27e4eba76,1
id_27e8515bf,1
id_27eb0b202,0
id_27ebb3594,1
id_27ef32520,1
id_27ef42ff1,0
id_27f39b488,1
id_27f4ad71a,1
id_27f4bfea7,1
id_27f713cc0,0
id_27f88ba4e,1
id_27f9ec880,1
id_27fa0d2a5,0
id_27fc73a46,0
id_2800f9c9b,0
id_28050e7cc,1
id_2805d31f8,0
id_280620c2e,1
id_280eb602d,1
id_281231013,1
id_281631cb7,1
id_281c62b83,1
id_28205f1b9,0
id_28258f852,1
id_282827f80,0
id_2829408ab,0
id_282953e55,0
id_282d38892,0
id_282e4c8ba,0
id_2832a60ef,1
id_283607f72,1
id_283764cfb,1
id_2837fc906,1
id_283c97b1e,1
id_283d60abd,1
id_284273f9e,1
id_284f8538d,0
id_2855a52ae,0
id_285c201ca,1
id_286be9f7c,0
id_286e8d93c,0
id_286f1ede5,0
id_2879f4912,0
id_287feb156,1
id_2880b8295,1
id_28822462e,1
id_288335e9b,1
id_288770882,1
id_2888ec8a0,1
id_288c9cb27,1
id_289009be3,0
id_289242c20,1
id_289582ece,1
id_289773a5b,0
id_28a0a5934,1
id_28a202149,1
id_28a991a18,1
id_28b1900e2,1
id_28b241e07,0
id_28b6f0a5e,0
id_28bd08a04,0
id_28c4cf25f,1
id_28c51e002,1
id_28cc9689a,0
id_28cfc7ae6,1
id_28dd2ec46,0
id_28e0bf00f,1
id_28e0e2d28,0
id_28e6f9e66,1
id_28ebb8414,1
id_28ec7eb0a,0
id_28eca0197,1
id_28f1f141b,0
id_28f482b62,1
id_28f4edf42,1
id_28f631def,1
id_28fc0fc5f,1
id_290508d82,1
id_290ab56d3,1
id_290ac8fe2,1
id_290ba2c82,1
id_290bb2fad,1
id_290f74bda,1
id_2911a8288,1
id_291b8a548,1
id_291c0a49a,1
id_291f91c12,1
id_291f96331,0
id_292a30f94,1
id_292c384ec,0
id_292ccb52d,1
id_293103ed5,1
id_29321dd5c,1
id_293265cd0,1
id_293279739,1
id_293578217,0
id_2935bbc80,1
id_2937a874f,1
id_2937e491a,1
id_29380e51c,0
id_293aa67ec,1
id_29404007e,1
id_2946f67a2,1
id_294a53e61,0
id_294b9483e,1
id_294cf621f,1
id_294e74d2a,1
id_2951456a8,1
id_295a082c8,1
id_295bd5be3,0
id_295d983ae,1
id_295fce0d3,0
id_2961a9a6a,0
id_2962567a2,1
id_2963e4c37,1
id_296c7c730,1
id_2973d22e1,0
id_2976f9a51,0
id_297ac91ab,1
id_29830b920,0
id_298318459,0
id_2986b9f7e,1
id_298713248,1
id_2987c20ad,1
id_29894d0d3,1
id_298efa808,0
id_2990cde7c,0
id_2990cec2d,1
id_299275062,1
id_2997ad039,1
id_29a05a4a6,0
id_29a2a41e7,1
id_29a34bca6,0
id_29a637726,0
id_29a644f22,1
id_29a6a8d04,1
id_29ac56e32,0
id_29b2b579b,1
id_29b598953,1
id_29b7fa8b8,1
id_29bb75134,0
id_29c24d4d3,1
id_29c3f47c1,0
id_29c40c999,1
id_29c6d9256,1
id_29d6551b5,1
id_29e11dd01,0
id_29e79481b,1
id_29e7a552b,1
id_29e8944b8,1
id_29eb12379,0
id_29ed90527,1
id_29edae64d,1
id_29f60d069,0
id_29f630a63,1
id_29f7dfa97,1
id_29fa16b87,0
id_29fbad10e,1
id_29fd8d107,1
id_29ffc535b,1
id_2a04dc034,1
id_2a062fc58,0
id_2a07f2767,1
id_2a09f08f1,0
id_2a0b02f10,0
id_2a14108aa,1
id_2a1a59167,1
id_2a2101c8e,1
id_2a2b3d66c,0
id_2a2c8f519,0
id_2a2e76d22,1
id_2a336d4b1,1
id_2a3619e46,0
id_2a3a20cd8,0
id_2a3d5d0d2,1
id_2a3e8b754,1
id_2a42636d4,1
id_2a4764164,0
id_2a482a11a,1
id_2a49b54e8,1
id_2a4cc9e16,1
id_2a58db94e,1
id_2a5a432d2,1
id_2a641c0c0,1
id_2a666e613,1
id_2a66f9f9d,1
id_2a6909b40,0
id_2a69baa09,1
id_2a756482a,1
id_2a7b3b72d,0
id_2a7d96db0,0
id_2a7da6a28,1
id_2a7eb1514,0
id_2a8353544,1
id_2a8dd2bbd,1
id_2a923b453,0
id_2a952e27e,0
id_2a97a1500,0
id_2a987797d,1
id_2a98ac22d,0
id_2a992dfa5,1
id_2a9ace7f4,1
id_2a9d65158,0
id_2a9fd6787,0
id_2aa62eb9f,1
id_2aa769b36,0
id_2aa9bb422,1
id_2aabe13af,0
id_2aaf15304,0
id_2ab005166,0
id_2ab89a178,1
id_2aba47e4f,1
id_2abb6c61f,1
id_2ac1488e3,0
id_2ac65b85a,1
id_2acaf22c1,1
id_2acdea3ae,1
id_2ace15ffc,1
id_2ace99d52,1
id_2ad340877,1
id_2ad8b7481,1
id_2ae1cda3a,1
id_2ae5baa72,1
id_2ae788d5c,1
id_2ae80b0e2,0
id_2ae843618,1
id_2ae917ff2,0
id_2aeda4e32,0
id_2aee6c685,1
id_2af0710a8,1
id_2af7690b4,0
id_2af806b61,1
id_2af8de8dc,1
id_2af8fdcd9,0
id_2af93a43e,0
id_2b0e26e7e,0
id_2b12ee1b1,0
id_2b142ffd3,0
id_2b14eea67,1
id_2b1784733,0
id_2b18ab1a5,1
id_2b1b6cc20,0
id_2b1dabc27,1
id_2b24ee533,1
id_2b27bebb1,1
id_2b2a91e91,0
id_2b3211ff7,0
id_2b323652c,1
id_2b3702de5,0
id_2b39255ad,1
id_2b3c44176,1
id_2b472560d,1
id_2b4ed7f89,1
id_2b5265bb8,1
id_2b5e8625b,0
id_2b60a4546,0
id_2b65d0f45,0
id_2b6bb60fd,1
id_2b71c4bb0,1
id_2b7348fe7,1
id_2b769c697,1
id_2b7b68e18,0
id_2b7b8a2ce,1
id_2b7eb2218,1
id_2b82ca5a0,0
id_2b8355928,1
id_2b851c7fd,1
id_2b8912f14,0
id_2b8d2546a,1
id_2b8f8fcd8,0
id_2b9201af8,1
id_2b92e5e95,1
id_2b97bb2bf,0
id_2b97be7ab,0
id_2b9804b5e,1
id_2b9ab0b83,0
id_2b9d4e558,1
id_2ba06a1b3,1
id_2ba9ac967,0
id_2baca3314,1
id_2baca892b,1
id_2bad26f32,0
id_2bafb3b8e,1
id_2bb0ffdcb,1
id_2bb680e8e,1
id_2bb79d868,0
id_2bb833338,1
id_2bb972c8e,1
id_2bb9d532f,1
id_2bc1f1e3b,0
id_2bc691182,0
id_2bc6ae672,1
id_2bc6b9a11,1
id_2bc794c1c,0
id_2bcdca7ef,1
id_2bd06be63,0
id_2bd0bf959,1
id_2bd4d2f52,1
id_2bd4f4c38,1
id_2bda3e326,1
id_2bdaba9f8,1
id_2bdffc59b,1
id_2be6223a2,1
id_2be77669f,0
id_2beb70185,0
id_2beb8b31e,0
id_2bebbe9a0,0
id_2bee4239c,0
id_2bf042ab8,1
id_2bf0d0b43,1
id_2bf10943d,1
id_2bf15e271,1
id_2bf173714,0
id_2bf4de6a2,0
id_2bf74f3cd,1
id_2bfd9f686,1
id_2c012f0fe,1
id_2c046fce8,1
id_2c051c5d7,1
id_2c06a4cf8,0
id_2c0baf2b2,0
id_2c0f09bef,1
id_2c10706e7,0
id_2c11c740a,1
id_2c12e33ec,0
id_2c1ccbd89,0
id_2c1e070ff,0
id_2c203af15,1
id_2c28d3864,0
id_2c2bc7b3b,1
id_2c30f094a,0
id_2c315d7f1,0
id_2c338bae6,1
id_2c34d2bc7,0
id_2c36b4975,1
id_2c3825fa2,0
id_2c3f4e4d4,1
id_2c40da870,1
id_2c45b74de,0
id_2c4bbc7c6,1
id_2c4c7e332,0
id_2c513c852,1
id_2c52c835d,1
id_2c5904615,1
id_2c5ff7692,1
id_2c62495b8,1
id_2c64a5d68,1
id_2c651c83f,1
id_2c6558e45,0
id_2c6dadb7d,0
id_2c6e38332,1
id_2c722d506,0
id_2c741133e,1
id_2c7672df6,1
id_2c7f4116a,1
id_2c83ce1e9,0
id_2c84ad360,0
id_2c855f867,0
id_2c8f540d3,1
id_2c8f6fc39,0
id_2c96345b3,0
id_2c9d30ba7,0
id_2c9d46071,1
id_2c9f23a04,1
id_2ca2ea509,1
id_2ca3040ec,1
id_2ca59d307,1
id_2ca922b62,1
id_2ca985530,0
id_2cab68f60,0
id_2cae2f193,0
id_2cb0326d9,1
id_2cb258146,1
id_2cb2f83d5,1
id_2cc3db4b6,1
id_2cc88da93,1
id_2cc8e5029,1
id_2ccc8f7ba,1
id_2ccde520d,1
id_2cd214450,0
id_2cd304f8d,1
id_2cd70e37c,1
id_2cd82dab0,0
id_2cda3cc76,0
id_2cdc0a15c,1
id_2cdfef368,1
id_2cf0395dc,1
id_2cf08bb55,1
id_2cf08e58f,1
id_2cf10454b,0
id_2cfc40ddb,1
id_2cfd54175,1
id_2cffaf484,1
id_2d04f5531,1
id_2d05287b5,0
id_2d0c5d203,1
id_2d0eb93cf,1
id_2d144b059,0
id_2d17c4eec,1
id_2d1b1f92d,0
id_2d1bba70a,1
id_2d2342d26,1
id_2d2688ec1,0
id_2d2828a20,1
id_2d2fe36c1,1
id_2d3c2ee5c,0
id_2d46236fd,0
id_2d488fbef,0
id_2d4aa8d46,1
id_2d4e0611f,1
id_2d5a6d97d,1
id_2d6513c0d,0
id_2d6707ed0,1
id_2d6938488,1
id_2d72feeb5,1
id_2d7661336,1
id_2d775b4d8,1
id_2d78bea12,1
id_2d7aaf2b2,0
id_2d7e9a17c,1
id_2d829e692,1
id_2d82f39c2,1
id_2d8cc3fbc,1
id_2d8d3caa1,1
id_2d8e4c8e5,0
id_2d904c242,1
id_2d93492d2,1
id_2d935c4ed,0
id_2d95e4551,1
id_2d96e467c,1
id_2d97edb4a,0
id_2d98496eb,1
id_2d9fc1595,0
id_2da3013e3,0
id_2da698647,0
id_2dadea099,0
id_2db4e8299,0
id_2db59b7e8,1
id_2db816d4f,1
id_2db84f003,1
id_2dbb77240,0
id_2dbe5bf1b,0
id_2dbeb2bac,1
id_2dc0bc5f3,1
id_2dc1deb41,0
id_2dc2b8020,1
id_2dc3359da,0
id_2dc88ce2b,1
id_2dd34c747,0
id_2dd39452d,1
id_2dd72d905,1
id_2dd797c3d,1
id_2dd90dfe9,1
id_2df6057fc,0
id_2dfe1e9cb,0
id_2e006c019,1
id_2e044b3ab,1
id_2e05efc2b,1
id_2e0a38b63,0
id_2e15025c4,1
id_2e161d3b3,0
id_2e1d4fc2c,0
id_2e1ead3f2,1
id_2e2041abf,1
id_2e20f7f70,1
id_2e22bd1bc,1
id_2e2555f37,0
id_2e279657e,0
id_2e296ecf4,1
id_2e2b7a64b,0
id_2e2c481f3,1
id_2e3250239,1
id_2e355f93b,1
id_2e37d4954,1
id_2e39591b5,1
id_2e3b79ca2,0
id_2e3bd69fa,1
id_2e3dbd334,1
id_2e41854cc,1
id_2e41d386a,0
id_2e4316059,0
id_2e4541994,1
id_2e4859633,1
id_2e48db121,1
id_2e49badeb,1
id_2e50a8d05,1
id_2e5522904,1
id_2e5533b1d,1
id_2e56bf37b,1
id_2e5c204e8,1
id_2e5da6225,0
id_2e6acd466,1
id_2e6f1e564,0
id_2e7215621,0
id_2e73d552f,1
id_2e74d308d,1
id_2e751db35,0
id_2e76697dd,1
id_2e768e311,0
id_2e780f004,0
id_2e78699b9,1
id_2e79c078c,0
id_2e7bbd2b2,0
id_2e7ec1e6d,1
id_2e7f12fed,1
id_2e820ec02,1
id_2e83d67b2,0
id_2e8412ce5,0
id_2e8b9e1ab,1
id_2e906843e,1
id_2e93f7760,0
id_2e943bf25,0
id_2e9fa982d,0
id_2ea8d48a2,1
id_2eafc46c1,1
id_2eb25d3e8,0
id_2eb28cae3,0
id_2eb4e0a21,1
id_2eb687493,1
id_2eb9fb555,1
id_2ebebba71,1
id_2ebef383f,1
id_2ec499292,0
id_2ec585a44,1
id_2ec7f27fc,0
id_2ec915de0,0
id_2ec9298b1,1
id_2eca85909,1
id_2ecb52aa5,0
id_2ed00219e,1
id_2ed7a02e8,1
id_2ed7e364b,1
id_2edc03c64,1
id_2ee132246,1
id_2ee1c6186,1
id_2ee84783c,1
id_2eeabf7c6,0
id_2eedfa6b3,0
id_2ef3e041a,0
id_2efe47c58,0
id_2efe72e51,0
id_2efeaca1d,1
id_2f0287af3,1
id_2f0db5e3f,1
id_2f12fa7e7,1
id_2f1352852,1
id_2f1ba74f5,1
id_2f1c6bb4b,1
id_2f1d4f856,1
id_2f23c412f,0
id_2f24c95b4,0
id_2f25b7c46,1
id_2f2ece9fe,0
id_2f2f8a2ba,1
id_2f30c175d,0
id_2f31bb24b,1
id_2f3786a4e,0
id_2f398f2cb,0
id_2f39bd9a9,1
id_2f44a9df5,0
id_2f4780dab,0
id_2f4c62d44,0
id_2f4d9b66f,1
id_2f5a5db78,1
id_2f5cc0f40,1
id_2f5df9cb4,1
id_2f5e4da2c,0
id_2f6d6b87f,0
id_2f6fe01c2,0
id_2f7377c6c,0
id_2f78ccca6,1
id_2f7f8e39f,0
id_2f8035d70,1
id_2f82e72c5,1
id_2f84e9d97,0
id_2f9149e9a,0
id_2f946849c,0
id_2f94e2532,0
id_2f9661637,1
id_2f9a5fef1,1
id_2f9b7fad6,0
id_2f9d9cba0,0
id_2f9dbe4d2,1
id_2f9e9bd66,0
id_2f9feda48,0
id_2fa0d4983,0
id_2fa4354cf,0
id_2fa4fce41,0
id_2fa777581,0
id_2fa99e5ad,0
id_2fa9e1758,1
id_2fa9fa30b,1
id_2fabdabba,1
id_2fabec6c1,0
id_2fadcdd84,1
id_2faf44066,1
id_2fb927ef4,0
id_2fbed333f,0
id_2fbf8a89c,1
id_2fbf93065,0
id_2fc1fc2f1,1
id_2fc5ce619,0
id_2fc8d6521,0
id_2fc8fa75f,0
id_2fcba072f,1
id_2fce6d6f2,1
id_2fd26badd,0
id_2fd4fb70d,1
id_2fd5fad97,0
id_2fd7a29a3,1
id_2fdada732,0
id_2fde2e5e0,0
id_2fdea9c88,1
id_2fdf8cc75,1
id_2fe130954,0
id_2fe783813,1
id_2fec29512,0
id_2fee1ed14,0
id_2ff099086,0
id_2ff198c1d,1
id_2ff758c86,0
id_2fffa3945,1
id_3001fe757,1
id_30024f339,0
id_30047b23c,0
id_3004b1ff3,1
id_30063f418,1
id_3007581bc,1
id_300eaf91b,1
id_301bcfcb6,1
id_301c47a77,0
id_301f53ad3,1
id_30308b7ab,1
id_3031cbdab,1
id_3032482f6,0
id_30334d4ee,1
id_3033c6d3b,1
id_3034add6e,1
id_303a2f03a,1
id_303b7c77a,0
id_304091a3f,0
id_3040c73b9,1
id_304108c80,0
id_30420250e,1
id_30432ac3a,1
id_3044983e2,1
id_3044cfbe1,0
id_3047b9424,1
id_304a14736,1
id_304b29f99,1
id_3050d3a72,1
id_30512259e,0
id_305635abf,0
id_305675a11,1
id_3059eb352,1
id_3062a6c69,1
id_3062e7d14,1
id_306a63cfd,1
id_306c8834c,1
id_307452cc1,1
id_30774030d,0
id_3077ea2a9,0
id_3078a55cc,1
id_307a19ae2,1
id_307ab91ce,0
id_307bf766a,1
id_3080d5b23,0
id_3083f475a,0
id_308a52a79,1
id_308c7066e,0
id_308f2922a,1
id_308f366a0,0
id_308f5b2d6,1
id_309155e30,1
id_309f53fa6,0
id_30adf98ae,1
id_30b081c8b,0
id_30b6c14e8,1
id_30b9812ff,0
id_30c2988c7,1
id_30c39d37f,1
id_30c45c4ae,0
id_30c66580c,1
id_30cbc549c,1
id_30d132a19,1
id_30d6ec613,0
id_30da5e3e0,1
id_30db503de,1
id_30dcb85bc,0
id_30df274ec,1
id_30e3dea87,1
id_30e6406e4,1
id_30f6247f4,1
id_30fb89fbd,1
id_30fe04490,1
id_31008853b,1
id_3100fd727,0
id_310166e6b,1
id_31037bf27,1
id_3107e400d,0
id_310bb9d90,0
id_310bbf05a,1
id_311d2ba28,0
id_3121d3b79,0
id_3125235ae,0
id_312ba11c5,0
id_312f30d43,0
id_3134403f9,1
id_3139b8553,1
id_3140bd1f5,0
id_31411fb78,1
id_3142c048e,0
id_3143e7d01,1
id_31445e756,0
id_3161be39b,0
id_3164d7bde,1
id_316fee4e6,0
id_3173ca5c5,1
id_3177f8355,0
id_3181b271d,0
id_3182745d2,0
id_31843d66f,1
id_318587739,1
id_318eb15b2,1
id_3195fa4d8,0
id_319d61682,0
id_319f1cfbc,1
id_31a09e108,0
id_31a217be0,0
id_31a259467,1
id_31a4e4d7f,0
id_31a9fb1ff,1
id_31afdbd1e,0
id_31b19a168,1
id_31c3a479a,0
id_31c657fcd,0
id_31caf9c16,0
id_31cebdd76,0
id_31d051a9e,1
id_31d571b34,0
id_31e03a41f,0
id_31e22d95c,1
id_31e4b0b1e,1
id_31eabcac7,1
id_31ec58bb0,1
id_31eceb190,1
id_31f045451,1
id_31f232fab,0
id_31f498d98,0
id_31f801785,0
id_31f8c969d,1
id_3200191fa,1
id_3205236ba,1
id_320854a2e,0
id_320d0e2b0,0
id_321aed96f,1
id_321ea1877,0
id_321f7c590,1
id_321fab3fc,1
id_3223045e3,1
id_32250a223,1
id_3225e6383,1
id_3227f299a,1
id_32287f5ec,0
id_322d06bca,1
id_3231819c3,0
id_3233a94f5,1
id_323518459,1
id_323677265,1
id_32397e5e1,1
id_323b152bc,1
id_32492e020,1
id_324bffea8,0
id_324d60b98,0
id_324dc31ee,0
id_325dc3c6c,0
id_325f19f9d,1
id_325fc8da4,0
id_3262a10da,1
id_3262a3119,1
id_3263edfe3,0
id_3264661e9,0
id_326632b46,1
id_3269c863f,1
id_326a1f87d,0
id_326c8dea0,1
id_32780afa6,1
id_327a0db71,1
id_327d3ec23,1
id_3286d1314,1
id_328c96b94,0
id_32934d5c4,1
id_3295ed16a,1
id_329e9709f,0
id_32a285c4f,1
id_32ab99d40,1
id_32ac403b5,0
id_32c6ade7d,1
id_32c75f573,1
id_32c8e1244,1
id_32ca284b0,0
id_32d3c5952,1
id_32d5d98f7,0
id_32d892bb4,1
id_32d9ee067,0
id_32db7bfe7,0
id_32e006076,0
id_32e3d9a5f,1
id_32e7cb37c,0
id_32ea4451a,1
id_32f2023c7,1
id_32f2aaba8,1
id_32f538488,1
id_32f60b623,1
id_32f6c5cc6,0
id_32f77acf0,0
id_32f9149d9,1
id_32fb29611,1
id_32fef2335,1
id_330018d86,1
id_3302999cb,1
id_3302b1884,1
id_33068011f,1
id_331122555,1
id_33128333d,0
id_3312b0d89,0
id_3317f70b7,1
id_331d0d604,0
id_3320e05e7,1
id_332344875,1
id_332aec0d1,0
id_3345af604,1
id_33497e714,1
id_334c907ef,0
id_33590023c,1
id_33597f2f9,0
id_335f9609c,0
id_3364b90e8,0
id_336606cfb,1
id_33676dcd3,0
id_336fffdc3,1
id_3372c7b87,0
id_3382b9ee7,0
id_33874cc03,0
id_338b41cf6,1
id_338daed0a,0
id_338e6889d,1
id_339233c03,0
id_3392aec40,1
id_339302592,1
id_339581389,1
id_339b72739,1
id_33a3153e4,1
id_33a43f966,1
id_33a53c948,1
id_33ababd5d,1
id_33b188e39,1
id_33b6dda4f,0
id_33b73548c,0
id_33b8b6f48,0
id_33bd1d8f0,0
id_33c1c0b3f,1
id_33c2da8fe,1
id_33c5731fa,1
id_33cc6326c,1
id_33ccf29ac,1
id_33cf88d89,1
id_33d385924,1
id_33df9a1c1,0
id_33e2b5797,0
id_33e4749de,0
id_33edecf63,0
id_33f36e805,1
id_33f8bbc19,1
id_33f9623c8,0
id_33f9f9409,1
id_33fbfdfd5,1
id_34036f560,1
id_340441536,0
id_34050d5fa,0
id_34064c55e,0
id_340aa1aae,1
id_340c6bbee,0
id_34119bbd4,0
id_3412f52c9,1
id_3414e007f,1
id_3418a241c,1
id_3418c6f68,1
id_341deb80e,0
id_341fb11e0,1
id_342090360,0
id_342293542,1
id_3423fe438,0
id_342d034a5,1
id_342fedad3,0
id_343070f33,0
id_3432ce837,1
id_34389025b,0
id_3438d876c,0
id_343b4e250,1
id_343c46bbd,0
id_343ccfcdd,1
id_344260dd4,1
id_3442e7d2d,1
id_3445fc134,0
id_3450e3ef0,1
id_3456ed5a2,0
id_345855a68,1
id_345881fce,0
id_345f6b7a8,1
id_34657a13f,0
id_346695bc4,1
id_3467dcebf,0
id_3469382b4,1
id_346e18f09,1
id_346f10448,0
id_346fbcb75,1
id_3471a9092,1
id_3476ef88e,0
id_347919fa7,1
id_347a97fce,0
id_347eea718,1
id_34813de98,1
id_348478082,1
id_34856d04d,1
id_348982dde,1
id_348e487ff,0
id_34906fd0e,0
id_349543a8d,0
id_3497ae9a4,1
id_34aae7abf,1
id_34ae4ceee,0
id_34b4d56be,1
id_34b55994a,0
id_34bd0b44d,1
id_34bdf1ca3,1
id_34be7cddd,0
id_34c0459b9,1
id_34c1e86d4,0
id_34c304685,1
id_34c32d3ad,1
id_34c569d89,1
id_34c5f8812,0
id_34c940acd,1
id_34c9ccbcd,1
id_34caeb0e2,1
id_34d319a66,1
id_34d6c5b56,1
id_34dacab80,1
id_34dcc631f,0
id_34dcf3a34,0
id_34e558a59,1
id_34ecd3d24,1
id_34edfac45,1
id_34ee6ec4d,0
id_34f54d773,1
id_34fc11908,1
id_34fd32ddf,1
id_3502189fd,0
id_3505a1852,1
id_35061a62b,1
id_350dcf9b3,0
id_350e772e0,0
id_3512d5d75,0
id_3513f043a,0
id_351741c26,1
id_3517e0e53,1
id_351fd5d30,0
id_352246123,1
id_35245b99b,1
id_352665d2c,0
id_3528f9a2c,1
id_352968e80,1
id_352a3dffa,0
id_352c368c3,1
id_35314f1f2,0
id_3532244d4,0
id_35345f714,0
id_35367a2d9,1
id_353685394,1
id_35385b27d,0
id_353944a16,1
id_353a8440a,1
id_354024665,0
id_35404afc2,1
id_354075ca6,0
id_354136232,0
id_3545b7db7,0
id_354b7994d,1
id_354dd12d0,1
id_35544f196,1
id_3560abbd1,1
id_35667331c,1
id_356863a71,1
id_356de65ea,0
id_356f0e250,0
id_357282ff9,1
id_357c07098,1
id_357ff4b35,0
id_358036e11,1
id_3581e2910,0
id_358555abe,0
id_358be057f,1
id_358f71306,0
id_35939f4f3,0
id_359cf5e14,1
id_359cfe619,1
id_359ec0b05,0
id_35a25f21c,1
id_35a36e690,0
id_35a487287,1
id_35a8577b2,0
id_35ad7af28,0
id_35aeba9df,1
id_35b5e0344,0
id_35c58f670,0
id_35c94ce56,1
id_35d08a03f,1
id_35d855350,1
id_35e2c45b6,1
id_35e3a0124,0
id_35e7d4998,1
id_35eb5e1e9,1
id_35ed1ff3c,0
id_35f204001,1
id_35f61f67b,0
id_35fb64fb5,1
id_35fbb6e6e,0
id_35febc197,1
id_360707719,1
id_3609a1dd3,1
id_360a70c89,0
id_360b68a7e,1
id_360bcd3b1,1
id_3614251b4,1
id_3616a8d75,0
id_361efc664,1
id_362014a28,1
id_36207a6ab,1
id_36214cba0,1
id_3621cf315,0
id_3627de976,1
id_3636bf652,0
id_363c0d511,0
id_363dec284,0
id_3640ac9fc,1
id_36429226b,1
id_364488a4b,1
id_3646eb16f,0
id_364718039,1
id_364af7a9b,1
id_36501d00e,1
id_3654026c7,1
id_365a980e4,0
id_365b0aa35,1
id_365c27cc6,1
id_36672c692,0
id_36695ff6e,0
id_367594c1d,0
id_367705e07,1
id_3679e86e8,1
id_367dd753e,1
id_367e29dbc,1
id_368935b8d,1
id_369278df6,0
id_369363e12,1
id_3695cad38,1
id_369f26cb8,1
id_36a5b9416,1
id_36a7bb674,0
id_36aeae97c,1
id_36b1c0b91,0
id_36b32aa9f,1
id_36b3cfc93,1
id_36b88d467,1
id_36bd0621a,0
id_36c18db06,1
id_36c1bbeb8,0
id_36c69d294,1
id_36d2fa23f,1
id_36d40e583,1
id_36daba2e2,0
id_36dd0566c,1
id_36e11e78d,1
id_36e91bcd2,1
id_36ea32d23,0
id_36ef1f7ae,1
id_36f03bdc4,1
id_36f6ab677,1
id_36fa6ee72,1
id_36fcb894d,1
id_36fd8e713,1
id_37063a902,1
id_37063dbc9,1
id_37083c098,1
id_370a37acb,1
id_3713817dd,0
id_3715affa7,0
id_371729da6,1
id_371a96a76,1
id_372067b88,1
id_37216524e,1
id_372471636,0
id_3728a54dc,0
id_3729e12da,1
id_372a44a28,1
id_373000331,1
id_373433b78,0
id_3734d32d2,1
id_3736722c5,1
id_373e2273a,0
id_373f533e8,1
id_3745b7c5d,1
id_3748ca9fc,1
id_37491fcba,1
id_374c1a504,0
id_3752bda51,1
id_3754d2b80,1
id_375593180,1
id_375e7b05e,0
id_3762d7812,0
id_37656be6d,0
id_3765dfe33,0
id_37663d299,1
id_376d3280d,1
id_37762558b,1
id_377f68015,1
id_37833eb6c,1
id_37953d8bd,0
id_37a29c24f,0
id_37a2bebd4,0
id_37a76e618,1
id_37a7f9434,1
id_37b1a3cd5,1
id_37b2df127,0
id_37b91a516,1
id_37ba33706,1
id_37bc14af3,1
id_37be7a377,0
id_37bf10cdb,1
id_37c3b0356,1
id_37c5227c7,1
id_37c96d79d,1
id_37cd41265,1
id_37d600676,1
id_37d7ae676,0
id_37d8e2ba2,0
id_37d90e1f1,1
id_37d9a8285,1
id_37dfbdcd1,1
id_37e31232a,0
id_37f023139,1
id_37f3299b3,1
id_37f74cfff,1
id_37f8780ad,0
id_37faeefa7,0
id_37fef2edd,1
id_380153809,1
id_3805073bd,1
id_380608123,1
id_380bb4c78,1
id_380e9ed3f,0
id_381a6aab1,0
id_3822b0cb6,1
id_38243f0c7,0
id_3828390d8,1
id_382f87e05,0
id_383328997,0
id_383bd0c88,0
id_383c1280b,0
id_384c4541f,0
id_384c591d4,0
id_384c72ce6,1
id_38551a6c9,1
id_38568d447,1
id_385e34e1e,1
id_385ebde98,0
id_385fbf030,1
id_385ff473d,0
id_38625a6db,0
id_386442604,1
id_3868c0445,0
id_3869af522,0
id_386c0b3f9,0
id_387b697bb,1
id_387cc9c62,1
id_38835d98e,0
id_388bff407,0
id_388d96875,0
id_3898445b5,0
id_389b0d642,1
id_389b6b721,1
id_389dbb3ed,1
id_38a37fcd2,1
id_38a57e267,1
id_38a884304,1
id_38ab68866,1
id_38abb54ed,1
id_38accfb8a,0
id_38ae06a74,1
id_38ae1f2dc,1
id_38b94d9b9,1
id_38ba8a6b0,1
id_38c558c37,1
id_38c82c52d,1
id_38ca7f02d,1
id_38cce9175,0
id_38d232d99,1
id_38d3151fe,0
id_38d3cbc18,0
id_38d967ab9,1
id_38d9df0f2,1
id_38dab73fb,0
id_38e6c6ea7,1
id_38e6caeb8,1
id_38e984ebf,0
id_38eda260a,0
id_38f1ff4a5,0
id_38f27b76a,1
id_38f2baa82,1
id_38fc4e2be,1
id_38fc50e4f,1
id_38ffd50a9,1
id_3901a7306,1
id_3907bf097,0
id_39083ad48,1
id_390873716,0
id_390c81286,1
id_390f90301,1
id_3919cccde,1
id_391a43481,1
id_3920ad4e7,0
id_3927e4fc8,1
id_392854cd1,1
id_392ad9d1b,0
id_392fe5ddb,0
id_3931d8a4c,0
id_3932cc364,0
id_393718620,0
id_39379e13d,0
id_393a3631c,0
id_393b2893f,1
id_393eea668,0
id_394251c58,0
id_3943a6770,0
id_39449210f,1
id_39493c351,1
id_394b1cce4,0
id_394c4901e,0
id_39512a0c1,1
id_3953ea6cd,1
id_3953fec9d,1
id_39561e3ac,1
id_395738659,1
id_39574cc8e,0
id_3958e89a7,1
id_395ba7d6d,1
id_3961b78da,1
id_3961c0cfc,0
id_3967cfe70,1
id_39684c2b5,0
id_3968c3763,1
id_396e9f841,1
id_396eea2b2,1
id_3972817b6,1
id_397362a55,0
id_397669dfe,1
id_3979049b4,0
id_39791fb42,1
id_397ac32b8,0
id_397ae7050,1
id_397c1862f,0
id_397c95745,0
id_3988a04de,1
id_398c0d254,0
id_398c5f91a,1
id_39921f402,1
id_39935afcb,1
id_399501c67,0
id_399bed62c,1
id_399d0c656,1
id_399fa1507,0
id_399fbec73,1
id_39a8914c7,0
id_39ac5bf46,1
id_39acfc602,0
id_39adc2b85,0
id_39ae64311,0
id_39b0e9cb2,0
id_39b1a5909,1
id_39b3b25ae,1
id_39b4cad6b,1
id_39ba388aa,1
id_39c760224,0
id_39c86c1d7,0
id_39ccce9eb,0
id_39d5837cf,0
id_39d6cc8dc,1
id_39e22aee4,1
id_39e4338af,0
id_39e5f3d7d,1
id_39e745a71,1
id_39f0fa153,0
id_39f86e661,1
id_39fbd5e67,1
id_3a00255ee,1
id_3a01eeb80,1
id_3a10a20c7,1
id_3a112be24,0
id_3a131c1b0,0
id_3a163a5b6,1
id_3a17b6c81,1
id_3a1d1eea3,1
id_3a2a591b8,0
id_3a31797f2,1
id_3a3473fee,0
id_3a3585d91,1
id_3a38715e1,1
id_3a3a47ea0,0
id_3a3ab6b20,1
id_3a3ece4d0,0
id_3a419ef0b,0
id_3a46e7d9b,0
id_3a48e0f04,0
id_3a4961a5e,1
id_3a4d44afa,1
id_3a52a55f6,1
id_3a559bbe0,1
id_3a572a5c1,0
id_3a5985892,0
id_3a5c6af03,0
id_3a5ebf319,1
id_3a5f21ed1,0
id_3a5f9df31,1
id_3a60179ec,1
id_3a62f2457,0
id_3a63ab3d0,0
id_3a67318a2,1
id_3a67e9062,1
id_3a69a9760,1
id_3a6cb4970,0
id_3a70c312b,0
id_3a74922c6,1
id_3a8d3be03,1
id_3a8f93c38,1
id_3a901678f,1
id_3a917da88,1
id_3a96c2c21,0
id_3a9746d4b,1
id_3a9943b2e,1
id_3a9a91e76,1
id_3aa37625c,1
id_3aa621e89,1
id_3aa99b187,0
id_3aaa11a2b,1
id_3aad8c36f,1
id_3aae10cc8,0
id_3ab301322,0
id_3abd68a74,0
id_3ace3b24f,1
id_3ad02d44f,0
id_3ad1174bb,1
id_3ad1be61c,1
id_3ad2b1174,0
id_3ad6157f7,0
id_3ad66c472,1
id_3add34f4c,0
id_3adf08cf4,1
id_3ae9ef5e3,0
id_3aedb9018,1
id_3aee74019,1
id_3af0a0e31,1
id_3af107ab7,1
id_3af19f671,1
id_3af1aa70d,1
id_3af899145,1
id_3af89b65d,1
id_3af93ef4d,0
id_3b005ae6e,0
id_3b05f06d1,1
id_3b0c68ae3,1
id_3b152f1f1,0
id_3b173932b,1
id_3b182e314,1
id_3b1a79218,0
id_3b1e2cb19,0
id_3b1ef6eb2,0
id_3b288100d,1
id_3b2b783bd,1
id_3b2e151f4,0
id_3b38e9c9d,0
id_3b3a34bfe,1
id_3b463b104,1
id_3b4b6a874,1
id_3b4cf176d,1
id_3b4e7a1f3,1
id_3b5917282,0
id_3b595511d,0
id_3b5d72ff6,1
id_3b5ddb7e5,1
id_3b60cd0d2,0
id_3b65ab8a6,0
id_3b6abfc93,1
id_3b6bb868e,1
id_3b6e79c03,0
id_3b6fda29d,1
id_3b7147815,0
id_3b738f65c,1
id_3b79680d3,1
id_3b7996a5f,0
id_3b7a82728,0
id_3b7ddaf52,1
id_3b7e377d5,0
id_3b7fef9f6,1
id_3b829a45c,1
id_3b8ff749a,1
id_3b963a993,1
id_3b9b4281b,1
id_3b9b54f33,0
id_3b9bfa147,0
id_3ba35cf15,1
id_3ba9b3dd2,1
id_3baae1a7b,1
id_3bac1f06c,0
id_3bad3406d,0
id_3badcb8a4,1
id_3bb0fb06f,1
id_3bb176241,1
id_3bb24011a,1
id_3bb2442a3,0
id_3bb62680c,1
id_3bb7d111a,1
id_3bbad61cf,1
id_3bc3c3292,1
id_3bc55be9d,0
id_3bc62ce95,0
id_3bc80ea55,1
id_3bc9c684d,1
id_3bcd713bc,1
id_3bcdff90b,1
id_3bd94be2d,0
id_3bda02f14,0
id_3bdc2b3fe,0
id_3be108020,0
id_3be3964ae,1
id_3be8b8531,0
id_3beb7936e,1
id_3bf2a9ad0,1
id_3bf75c4cb,1
id_3bf7d6704,1
id_3c03e42a9,0
id_3c0d3ceda,1
id_3c10db958,0
id_3c161a455,1
id_3c1e628a7,0
id_3c1ef4a75,1
id_3c20d01f3,0
id_3c2665279,0
id_3c285995b,1
id_3c28ff60a,0
id_3c291c413,1
id_3c2be6ad3,0
id_3c2d35c38,0
id_3c38d07be,1
id_3c3936d37,1
id_3c3f407af,0
id_3c406111b,1
id_3c4144994,0
id_3c456b928,1
id_3c4b489a6,0
id_3c5086708,1
id_3c54dc758,0
id_3c579bb7a,0
id_3c583d28e,1
id_3c5e4b69c,1
id_3c60516ef,1
id_3c6190509,1
id_3c61bd276,0
id_3c67b73f5,1
id_3c6cc1420,0
id_3c705b5a0,1
id_3c70ea027,0
id_3c7407dd1,0
id_3c802c564,0
id_3c85b9b13,1
id_3c8db6652,1
id_3c8e014f3,1
id_3c8e3d2aa,1
id_3ca1ad589,1
id_3ca4adcc5,1
id_3ca7a4eda,1
id_3cac4a8b6,0
id_3cb26cedb,1
id_3cb33f041,1
id_3cb68bf20,1
id_3cb73f1a0,1
id_3cc4dd390,1
id_3cc601cff,1
id_3cc8a2e0d,1
id_3ccc346aa,1
id_3cd32522e,0
id_3ce0428da,1
id_3ce862f28,0
id_3cee1835b,0
id_3cf2747b5,0
id_3cf69cbaa,0
id_3cf866c31,0
id_3cfc5df50,1
id_3d02184ea,0
id_3d054f05a,0
id_3d089dadd,1
id_3d0ab9f82,1
id_3d11112ba,1
id_3d131bee0,1
id_3d185bfea,0
id_3d1b49291,0
id_3d1c211f6,1
id_3d1d48d88,0
id_3d23d2a5a,1
id_3d2587194,0
id_3d2d553a7,1
id_3d2d8ccd2,1
id_3d30dc5d3,0
id_3d35431a2,1
id_3d37126c6,0
id_3d3a56b1e,0
id_3d3c038fe,1
id_3d3ccabc6,0
id_3d3e93c3f,1
id_3d54f01de,0
id_3d59a18c4,0
id_3d5a7e063,1
id_3d5b192ec,1
id_3d60049fb,1
id_3d64998a3,0
id_3d6526810,1
id_3d6f248fe,1
id_3d6f89161,1
id_3d764c8fc,0
id_3d79dc91a,1
id_3d7c0515e,1
id_3d7e3022e,1
id_3d817cc1a,1
id_3d904dac2,1
id_3d93ef206,1
id_3d9528faa,0
id_3d9dcf4b5,0
id_3da49284c,1
id_3da971445,0
id_3dae6ba46,1
id_3db0eecff,0
id_3db181d30,0
id_3dbb77878,1
id_3dbc1bcae,0
id_3dc006a5f,0
id_3dc0687b4,1
id_3dc520241,1
id_3dd106c5a,0
id_3dd32d6f8,0
id_3dda07e47,1
id_3ddbe8f9d,1
id_3ddc2eb1e,0
id_3de0b7f72,1
id_3de50b9e3,1
id_3de632778,0
id_3de8b58a0,1
id_3dfb6251b,1
id_3e032aa2d,0
id_3e032ab02,1
id_3e0b82edd,0
id_3e0dfc7a9,0
id_3e1536dcd,1
id_3e16b5c85,1
id_3e18d6cfe,1
id_3e19ab227,1
id_3e1b575ce,1
id_3e29a76d3,0
id_3e2b475e7,1
id_3e2ba2a7c,1
id_3e2ccf4c2,1
id_3e2d2d905,1
id_3e38ada14,1
id_3e391afe0,1
id_3e3d70dd5,0
id_3e486d90c,0
id_3e490c189,0
id_3e4926970,1
id_3e4d4a3b8,1
id_3e51d9c6e,1
id_3e522552c,1
id_3e5701820,1
id_3e5a16b8c,0
id_3e5d9a5df,0
id_3e5f2d78a,0
id_3e6030ec8,0
id_3e6a406c4,0
id_3e6d2bcf6,0
id_3e74906ee,1
id_3e7fc8034,0
id_3e8064d84,0
id_3e8169fd2,0
id_3e83d6f95,0
id_3e8444f2d,0
id_3e8ffc75c,0
id_3e8fffde4,0
id_3e91a40a0,0
id_3e921acf3,0
id_3ea493833,0
id_3eb10875e,0
id_3eb2326b1,0
id_3eb423198,1
id_3eb6510ee,1
id_3ebbfa9be,1
id_3ebcd4d21,1
id_3ebe55b27,1
id_3ec1fc951,1
id_3ec319d9a,1
id_3ec8403f3,0
id_3ecdc585b,1
id_3ecfee144,1
id_3ed429263,1
id_3ed42e443,1
id_3ed63d2f9,1
id_3ed677167,1
id_3ed6cc2bb,1
id_3ed7a5081,1
id_3ee19cdfa,1
id_3eea72d04,1
id_3eeadfb02,1
id_3eebc8209,1
id_3eeca4613,0
id_3eee55e53,1
id_3eeeb440a,0
id_3ef2d18f4,1
id_3ef747fc4,1
id_3ef8a2e0f,1
id_3ef936109,0
id_3efacfa89,1
id_3efe4886f,1
id_3f05a0ec5,1
id_3f064e194,1
id_3f086cc0a,0
id_3f09895ca,1
id_3f0f7fa68,1
id_3f12470c7,1
id_3f1d723c1,0
id_3f1fca5e1,1
id_3f29bc5fb,0
id_3f2a0c0f9,0
id_3f2a361bc,1
id_3f2b0cde7,0
id_3f2dd1a25,1
id_3f359b9be,1
id_3f37e8ec7,0
id_3f3a2144a,1
id_3f3b6b5e1,1
id_3f3f11c4b,1
id_3f400e964,1
id_3f46c7f79,0
id_3f4b222b1,0
id_3f4f4ddc1,1
id_3f52be7a8,0
id_3f52dfa39,0
id_3f53d7443,0
id_3f55608db,0
id_3f569267f,0
id_3f5d10310,1
id_3f5e1fb0b,0
id_3f638607b,0
id_3f66f3e97,1
id_3f6b5136e,0
id_3f7506d08,1
id_3f75bc003,1
id_3f76645e1,0
id_3f78b578c,0
id_3f7cae7e3,1
id_3f7d6dc05,1
id_3f866464d,1
id_3f892cb96,0
id_3f9accc75,0
id_3f9f1055a,1
id_3fa2ed773,1
id_3fa3335b5,1
id_3fa52ce72,1
id_3fa5e51b8,1
id_3fa9b421c,0
id_3faad20bb,0
id_3fafb193d,0
id_3fb0e5be4,0
id_3fb299e11,0
id_3fb70e082,0
id_3fb7d92a5,1
id_3fb95c1cf,1
id_3fbbee22a,0
id_3fbe0f556,0
id_3fbea12d9,0
id_3fc2923e3,1
id_3fc38a518,1
id_3fc55730a,1
id_3fc6d9499,1
id_3fd68684c,1
id_3fdb23865,1
id_3fe38200c,0
id_3fe58964c,0
id_3fe62fcbc,1
id_3ff250409,1
id_3ff874247,1
id_3fff22b95,1
id_3fffc9cdd,0
id_400311e88,1
id_40065c0f8,0
id_4009bf22b,0
id_401281985,1
id_4013649c9,1
id_40164726b,1
id_40179ece2,1
id_4018769b6,1
id_4018f7165,1
id_4019c0e47,0
id_4019f6772,1
id_401bee109,0
id_401fa8011,1
id_402282751,1
id_4025f130d,0
id_402df895b,1
id_40309410d,1
id_403228d79,0
id_40376ec97,1
id_40439ed18,1
id_4043c8c7b,1
id_40493233b,0
id_404baa1cc,0
id_404cd8a0f,1
id_404d0b304,1
id_4051f22ab,1
id_405331848,0
id_405afb799,1
id_406226725,0
id_40666fa25,0
id_406cfdb02,1
id_406e3ec16,0
id_406fbfa24,1
id_4070e972d,0
id_407296db1,0
id_4074ce081,0
id_40764bdb4,0
id_4079ef303,1
id_407de5679,0
id_408e55bbd,1
id_40917b7ac,0
id_40945babe,1
id_4097f51ab,0
id_4099a1012,0
id_40aefda6c,0
id_40b13650b,1
id_40b7c1fac,0
id_40bf0ec95,1
id_40c014ff2,0
id_40c35fad0,1
id_40c44951d,1
id_40c8648fe,1
id_40cc8ead7,0
id_40d223318,1
id_40d28a71b,1
id_40d528994,0
id_40d722728,0
id_40d7e7e76,1
id_40dd36ef4,0
id_40de46ba9,0
id_40de95eef,1
id_40e329b5c,0
id_40e3a2d6e,1
id_40e44ce02,0
id_40e6f0dff,0
id_40ec4d568,0
id_40f492435,1
id_40f4a6fbb,1
id_40f91b42c,1
id_40ff9f19b,1
id_410a371f0,0
id_410bbae2b,0
id_4123cf37a,0
id_412675882,0
id_412971d4d,1
id_412d0c181,1
id_4131077c5,1
id_4133f2241,0
id_4134dbd32,0
id_413706f2e,0
id_41398c1ab,0
id_413da87e7,1
id_413dcfd53,1
id_4148dccbc,0
id_41494d460,0
id_4149cc56d,1
id_414aa6df4,1
id_414be2ce5,1
id_414fee46b,1
id_415115c37,0
id_41547dc34,0
id_4158a939d,0
id_415dc0978,0
id_41635224c,0
id_4164550e5,0
id_41671f706,0
id_41676163e,0
id_41684d949,1
id_416f8ce97,1
id_4171d5b99,1
id_417337d4e,0
id_4173da218,0
id_41749c895,0
id_4179257aa,1
id_417f3e77e,1
id_418c268c9,1
id_418c52696,1
id_418ecce79,1
id_4194ddcef,0
id_41a4debe5,0
id_41a5f7070,1
id_41aa0afd7,0
id_41aaf64b0,1
id_41ac9cca2,0
id_41b4118d0,1
id_41b4c15e0,1
id_41b6250c5,0
id_41b7a7ed1,1
id_41bbeb265,1
id_41c44f5f1,0
id_41c80f65f,0
id_41ca7734a,0
id_41d944994,1
id_41da2f933,0
id_41db4051a,1
id_41e08c512,0
id_41e54a60c,1
id_41e86facd,0
id_41f00df69,1
id_41f221f46,1
id_41f284721,0
id_41f3500bc,1
id_41f6bdb67,1
id_41f8e6a55,0
id_41fa794e1,0
id_41fccf927,0
id_41fccfd04,1
id_41fd5f29b,1
id_41fee569e,1
id_4200e629a,1
id_4204dfe00,1
id_4206364dd,0
id_420bcd46a,1
id_4215e8edc,0
id_4218bae41,1
id_421a35680,1
id_4221ab7ee,0
id_4223738b5,1
id_4224f8fb8,0
id_42292f762,1
id_422d1f42b,1
id_4237a30a2,0
id_424229136,0
id_4248fc236,1
id_424b4620b,1
id_4250f0be0,1
id_42511dff6,1
id_4252422ec,0
id_425af0223,1
id_425b1fc1a,1
id_425d6837e,1
id_4265baeeb,0
id_42661babb,0
id_426a9cb65,1
id_4270610cd,1
id_4270a4589,1
id_4270acdfb,1
id_4270d36a9,1
id_4273aea56,1
id_4274c5285,0
id_427fc9d97,1
id_42800ba18,1
id_4281651b8,0
id_428171a20,1
id_42841f199,0
id_428d791dc,0
id_42954f209,1
id_429943732,1
id_4299c6d5f,0
id_42a005a66,1
id_42a067747,0
id_42a314a98,1
id_42a36f68e,1
id_42ae20de8,1
id_42b145af2,0
id_42b54e9de,0
id_42b628974,0
id_42b93fc84,0
id_42b95c8c9,0
id_42c769566,0
id_42c926ee8,0
id_42caa8824,0
id_42d91ce2e,1
id_42e13604e,1
id_42e1733ac,0
id_42e2a201e,1
id_42e8c253a,0
id_42ed45a0b,1
id_42f26b001,1
id_42f47769d,1
id_42f6e7107,1
id_42fa6decd,0
id_42fc377de,0
id_42ffdd9f7,1
id_4307436b2,0
id_4309b8008,1
id_430c4cda9,1
id_430ca8efc,1
id_430ddc977,1
id_4311f6368,1
id_431c47bdc,0
id_431ca9d6c,0
id_431cbd2b2,1
id_43200337f,0
id_4320370fe,1
id_43244a874,0
id_432710e72,1
id_432937abb,1
id_4329dd063,0
id_43304e931,1
id_433156b3a,0
id_433798d41,1
id_433e0940b,0
id_4342cfc44,0
id_434330bdc,1
id_434991131,1
id_434b60799,0
id_434ec22aa,1
id_43517399b,0
id_435a44c0e,0
id_435e2f112,1
id_435e9404b,1
id_4361d9a4f,1
id_4368c81b8,1
id_4370e598b,1
id_43715af12,0
id_4371b0699,1
id_43766b92e,1
id_437bd7464,1
id_437f29ad6,1
id_438302332,1
id_43832344e,0
id_4383f89ef,1
id_4387be47f,0
id_438853a4f,0
id_438fc7b65,1
id_4392079b0,0
id_439744f03,1
id_439acd777,1
id_439aeaf6b,1
id_439cd95c0,0
id_43a588e85,1
id_43a8e6269,0
id_43ac0dfb0,0
id_43af3c865,1
id_43af69d9d,1
id_43afdb248,1
id_43b0d7594,1
id_43b3df5fe,1
id_43b4ecfc2,1
id_43b56b845,0
id_43b962fdf,0
id_43bc62d97,0
id_43be89530,0
id_43c05d1ad,1
id_43cf99c61,1
id_43d267be0,0
id_43d3ef3a2,1
id_43d467fb1,1
id_43ef51c4d,0
id_43f08dc1e,1
id_43f596b76,1
id_43fd54790,0
id_43fdd23fb,0
id_43fdde4df,0
id_4400168dd,0
id_440142322,1
id_440266f28,0
id_44031bf0c,1
id_4404e3b88,0
id_4405bea30,0
id_4406daca2,0
id_44093bdc4,0
id_440c4301b,0
id_4414ec0d3,1
id_4416948ef,0
id_4416e41ab,1
id_44194eb31,1
id_441b33a7c,0
id_441d6c5c8,0
id_442364a86,1
id_442532646,1
id_4425424fd,0
id_442ae5733,1
id_443610744,1
id_443684e29,0
id_44374f4ed,1
id_443a78fe6,0
id_443e26f44,0
id_444d407c0,0
id_4451066da,1
id_4454bf79d,1
id_445518429,1
id_4456bd2fe,0
id_445c2c84b,1
id_4462c071e,0
id_446477353,0
id_446da06c3,0
id_446f8ef61,1
id_4472e40a6,1
id_44730887c,0
id_447ad4fa2,1
id_448214f93,1
id_44897069c,0
id_4489ed06d,1
id_449024e9e,0
id_4495a2c99,1
id_4497602f0,0
id_449defbe5,1
id_449e68d27,1
id_44a07c13d,0
id_44a13f6a4,0
id_44a158349,1
id_44a1c14e5,0
id_44a23c9b6,1
id_44a3e4f56,1
id_44af51e31,0
id_44b5bb956,0
id_44bad60df,1
id_44bb4c726,1
id_44bd75877,1
id_44bdc8966,1
id_44be2c6f0,0
id_44cc20ce8,1
id_44cf8f5f7,1
id_44d509125,1
id_44d93bb87,1
id_44db08551,0
id_44dcd3bdb,1
id_44dd97ebc,1
id_44e0f8229,1
id_44e88c9e8,0
id_44e91e968,1
id_44e94cead,1
id_44ea8a2f9,1
id_44ee4a180,1
id_44f1bca57,1
id_44f72e615,1
id_44f9f7b29,1
id_44facc7a2,1
id_450cb3c72,1
id_450d4e4dd,1
id_450d51bba,1
id_450e4427d,1
id_4515ccb75,1
id_45197665f,1
id_4522b62b7,1
id_452f02f6c,1
id_452fe324c,1
id_4530d52ba,0
id_45346440f,1
id_453a8b4c6,1
id_454269f72,1
id_45440876f,0
id_45447f345,0
id_4547c9919,1
id_4550c9006,0
id_4552c5b5b,1
id_455608bb4,0
id_455662f2d,1
id_4558547db,1
id_455a26934,0
id_45614ef44,0
id_4561f4033,0
id_45667765b,1
id_456d1a230,1
id_456edda2e,1
id_4571077da,1
id_45756acb6,1
id_4579c256d,1
id_457da5374,1
id_457e10960,1
id_457fb8b78,0
id_4582724a3,0
id_4584929de,0
id_458670213,1
id_4589f6691,1
id_458b05831,1
id_458d3f0ef,1
id_459849db3,0
id_459bf2986,1
id_459d0c08b,1
id_459ecb75a,0
id_45a708311,1
id_45abea605,1
id_45ad3792b,1
id_45b661ae6,0
id_45bc50357,0
id_45bd214be,1
id_45bd25c58,0
id_45c2dc235,1
id_45c977e79,0
id_45cdcceba,1
id_45ce5915e,0
id_45cfcce69,0
id_45d11f06b,1
id_45d60e13f,1
id_45dc719bd,0
id_45dfcf5c8,1
id_45e0bb38b,1
id_45e197afa,0
id_45e22390e,1
id_45e34efea,0
id_45e675b4d,0
id_45e8edc7d,1
id_45e9ef693,1
id_45ed9d56b,1
id_45f30cc0b,0
id_45f47384e,0
id_45f543db1,1
id_4608ca5ff,1
id_4609428ee,0
id_461401fb7,0
id_461a2a018,0
id_461c56d6a,1
id_4625a0dba,1
id_462a78c64,1
id_462aca4a2,1
id_46306cc9e,0
id_4631c5bca,1
id_46356132d,0
id_46394a6f5,0
id_464454747,0
id_4644db789,0
id_46451c203,1
id_4648af5f9,0
id_464bb14d9,0
id_46522f6ed,0
id_465bfc34a,1
id_465f473df,1
id_46629ced2,0
id_46630a60b,0
id_4666ce503,0
id_466c4bc9e,1
id_467406e7b,0
id_46786ac41,1
id_46794712f,1
id_467b88cbe,0
id_467bf4b1f,1
id_467cb8f84,1
id_4685f2394,1
id_468d93e56,1
id_468f434e2,0
id_4692bae7d,0
id_469528c70,0
id_469587788,0
id_469739396,0
id_469757485,1
id_469901afb,1
id_469a17368,0
id_46a0c16ff,1
id_46a2b2e8b,0
id_46aad1c5c,0
id_46abb06d0,1
id_46b077f12,1
id_46b848c89,0
id_46b8bed48,1
id_46bd31e7e,1
id_46c195197,1
id_46c2a14a1,0
id_46c73bb9e,1
id_46c83a623,1
id_46ca984aa,0
id_46cfad5fa,0
id_46d4ab715,0
id_46d4fa2b8,1
id_46d8d3fb3,1
id_46d94a730,0
id_46e52695f,1
id_46e5652bd,0
id_46ebe164f,1
id_46ec07bde,1
id_46f05468f,1
id_46f74a42c,1
id_46f7a3cc0,1
id_46f7bd3aa,1
id_46fc79e73,1
id_46fca631b,1
id_46fe93c7b,0
id_4702b04f2,0
id_4703ce97f,1
id_470601bec,0
id_470d4ff0f,1
id_470d65347,1
id_470f28f62,1
id_470f75af4,0
id_471180af8,0
id_4714705de,0
id_4715c59a2,1
id_471ee6346,0
id_47234eaec,1
id_472a14acf,1
id_472a921f3,0
id_472b237a2,0
id_472c4285e,1
id_472c4d87d,0
id_472e1dee7,0
id_4731ee0bb,0
id_473ac3452,1
id_473b06327,1
id_474164d8f,1
id_47430ccac,1
id_4748273ec,0
id_474a8e8f4,1
id_474bab76a,1
id_474c9ce3c,1
id_47537f040,0
id_4753ade5a,1
id_475ae4ca5,1
id_4760b7062,1
id_476244c02,1
id_476963d96,0
id_476ca78d6,1
id_476d3271c,0
id_476dd334e,1
id_4770aa8cd,1
id_478307bf6,1
id_4784f2b9f,1
id_4785be3f9,1
id_478651f94,0
id_478ae1818,0
id_478b4ce37,1
id_478f847a1,1
id_479686ed5,1
id_4796b95fb,1
id_479bbb9ad,0
id_479d7fbe6,1
id_479e26fb0,1
id_479e6d4ae,1
id_47a1eaf41,0
id_47a4083ea,1
id_47a9017ee,0
id_47ac3791f,1
id_47ad5786c,1
id_47aef38e2,1
id_47b1b008c,1
id_47b242bbd,0
id_47bdaf4e8,1
id_47bdb8d59,1
id_47c234d0a,0
id_47c66035e,1
id_47c79c4d3,0
id_47ce0a46f,1
id_47d1f664a,0
id_47da8df8a,1
id_47e3605ed,1
id_47edad1ae,1
id_47edc82a3,1
id_47f49d8d1,1
id_47f695e2d,1
id_47fac072c,0
id_47fc8fff6,0
id_47fcf1b95,1
id_47fe23148,0
id_47fe6c9c3,1
id_48040d510,1
id_480602e30,0
id_48078d725,0
id_4809afc89,0
id_480ce3b43,1
id_4810005ad,1
id_4817c4240,1
id_481a551f6,1
id_481c2f5fc,1
id_482118dae,0
id_4822d2924,0
id_48263a0ad,1
id_48265ef3b,1
id_482bd25c7,1
id_482f598c6,1
id_48304818e,1
id_483cff38f,1
id_48407427b,1
id_484164d9d,1
id_48452f5bb,0
id_484de9fc8,0
id_484ff610a,1
id_485356e37,1
id_48536bba6,0
id_48550ade5,1
id_485e5a181,1
id_486183c7a,1
id_4862ba4c0,1
id_4875d0b5a,0
id_4876b7108,1
id_487783456,1
id_48782cf6d,1
id_48791f901,1
id_4884a3fee,1
id_4884d6c57,0
id_488746c19,1
id_488de72d4,1
id_4891fa3d8,1
id_48934a4bd,0
id_4894598a6,1
id_4897cc43f,1
id_489921273,0
id_489bfb30d,0
id_489e3296c,1
id_489e812fa,1
id_489f76f6c,0
id_48a03b6fe,1
id_48a3e2c26,1
id_48a500e2b,0
id_48a69e3ce,0
id_48a744896,1
id_48a7e80dd,1
id_48a8b1834,0
id_48aa1875d,1
id_48ac2d467,1
id_48adb89b4,1
id_48b006bf3,1
id_48b6ae302,1
id_48bdbcf50,1
id_48c006ced,0
id_48c0c0af0,0
id_48cd57ef7,1
id_48cda3cf3,0
id_48cedea23,0
id_48d16ecb2,0
id_48d489eab,1
id_48d6bcc06,1
id_48d720c99,0
id_48d98bf34,1
id_48d9fdf89,1
id_48e06778c,1
id_48e3b23eb,1
id_48e5c5dc4,0
id_48e683e51,0
id_48f0caa4f,1
id_48f3b9bea,1
id_48fc69702,0
id_48fcf2081,1
id_4908e7d12,1
id_490b04ac8,0
id_490b79018,1
id_4910ee2a5,1
id_4914c4092,1
id_4915b43ac,1
id_491cb1891,1
id_4922e23a2,1
id_49255d060,0
id_49299d0d5,1
id_492d859dc,1
id_492faf26f,1
id_493754aa9,1
id_4938c367b,1
id_493c77bd6,1
id_49470a07c,1
id_494e9c991,0
id_4951ba6cd,1
id_4953ed75d,1
id_49550f48f,0
id_4965370f9,1
id_49661d2c3,0
id_4967dc9bc,0
id_4972c031c,1
id_49734f5f6,0
id_49746e4c5,1
id_4975782d7,1
id_4976bef8b,1
id_4978924e7,1
id_4978dcf28,0
id_497ae1295,1
id_497caf9cd,1
id_497d3b5f0,1
id_4980bea85,1
id_498177907,1
id_49865a0fc,0
id_4986882bb,0
id_4989182ae,1
id_498eca2cf,1
id_499bbb936,1
id_49a0422ff,1
id_49a439d1b,0
id_49a99a22e,1
id_49aebbcff,0
id_49b11d1ab,0
id_49b728888,1
id_49b79756b,0
id_49b8ff648,1
id_49bf01496,1
id_49c3aaffa,1
id_49c572688,1
id_49c65cc3e,1
id_49c684e43,1
id_49c6f9fa7,1
id_49c7405d1,0
id_49c783c95,1
id_49ccd1296,0
id_49ceff5eb,0
id_49d19d8cd,0
id_49d39e12f,1
id_49d4d3ae5,0
id_49dc7fa45,0
id_49df3e09d,1
id_49e0f84fe,0
id_49e159052,1
id_49e802449,0
id_49e8f904d,1
id_49ea3bf8c,1
id_49eebaf21,0
id_49f229189,0
id_49f54ca6b,1
id_49f5bdf38,1
id_4a017a5d6,1
id_4a078f40c,0
id_4a098ea9e,0
id_4a0ac8dd7,1
id_4a0c05f85,1
id_4a169f7bc,1
id_4a1935e9c,1
id_4a1ca8b21,0
id_4a1efec75,0
id_4a1f38842,1
id_4a21ce2ad,0
id_4a22dc9e8,1
id_4a23516d6,1
id_4a2576dbf,1
id_4a2ad6434,0
id_4a2c59517,0
id_4a2e88885,1
id_4a3316c6c,0
id_4a3a73b05,0
id_4a3d1b7e8,1
id_4a3d477a0,1
id_4a3d5e5c0,0
id_4a4440726,0
id_4a448481a,0
id_4a4b0b307,1
id_4a4bdb461,0
id_4a4dcc0d8,1
id_4a50605e8,0
id_4a56a66b8,1
id_4a5bcfa14,0
id_4a5bd3d85,1
id_4a5ebed80,1
id_4a6133620,1
id_4a62618ba,0
id_4a6870269,0
id_4a6a5ba02,1
id_4a6e083ae,0
id_4a73db053,1
id_4a7405e1c,0
id_4a81ba122,1
id_4a87a8b19,0
id_4a88311f5,0
id_4a91c0a06,1
id_4aa52bd0e,1
id_4aa54dd45,1
id_4aa680203,1
id_4aa71bc8f,1
id_4aa8b1e08,1
id_4aaa137e1,1
id_4aacdc04f,0
id_4aad7ad58,1
id_4ab1fb17a,1
id_4ab43cac2,1
id_4ab541a74,0
id_4abcc25d3,1
id_4abe01b70,0
id_4abecb5f3,1
id_4ac332473,0
id_4ac81baad,1
id_4ac97b630,0
id_4ad0ce699,0
id_4ad47cf85,0
id_4adf93027,0
id_4ae05055e,1
id_4ae26600b,1
id_4ae814c44,1
id_4aefa55d2,0
id_4af6e5291,0
id_4b020a74c,0
id_4b05754f9,1
id_4b066f1e6,0
id_4b08e574b,1
id_4b0a41e9f,1
id_4b0a893c9,0
id_4b1259f7a,1
id_4b13c7b50,0
id_4b1449872,1
id_4b1764365,0
id_4b271b987,0
id_4b2aca9e7,0
id_4b2b7d993,1
id_4b2c5ef81,0
id_4b2ccc1ef,1
id_4b2f6d583,1
id_4b304f3e1,1
id_4b30c6c2f,1
id_4b3262d92,1
id_4b39e43db,0
id_4b3dd32f3,1
id_4b4141b83,0
id_4b41fc00a,1
id_4b49b49e5,0
id_4b4b9838e,1
id_4b4c7b088,0
id_4b4d46605,0
id_4b50bd9c7,0
id_4b5361346,1
id_4b5b310bb,0
id_4b5b7c0a3,1
id_4b5b8b472,1
id_4b5cd6520,1
id_4b5cd717d,0
id_4b6093932,1
id_4b69f355c,1
id_4b6ae4b07,1
id_4b6b5e51d,1
id_4b70c8a95,1
id_4b71d3a52,0
id_4b752323b,1
id_4b77b91be,1
id_4b798a711,0
id_4b7e21c4f,1
id_4b7e7e4ab,1
id_4b7fec46c,0
id_4b804e31c,1
id_4b808042c,0
id_4b82442c1,1
id_4b85164da,1
id_4b85e280f,1
id_4b86b427b,0
id_4b87a1b95,1
id_4b87bf36f,1
id_4b88ac6a9,0
id_4b8c85791,1
id_4b8caf69b,0
id_4b8e1ace8,0
id_4b918ceb0,0
id_4b987fa78,0
id_4b99451d4,1
id_4b9ed8868,0
id_4ba154b3d,1
id_4ba1bb8dc,1
id_4ba2de922,1
id_4ba9f8ce7,1
id_4bb0383d9,1
id_4bb54a6b3,1
id_4bb6f2539,0
id_4bbe655c2,1
id_4bc52e07d,1
id_4bc86b6c6,1
id_4bd36ff0a,1
id_4bd40463b,1
id_4bd635a53,0
id_4bd775487,1
id_4be45c7a7,1
id_4be522968,0
id_4beb5215e,1
id_4bf35f688,0
id_4c04af3bd,1
id_4c06aff07,1
id_4c23ecb41,1
id_4c25412aa,1
id_4c265db81,0
id_4c29597bf,1
id_4c2ea4593,0
id_4c3021976,0
id_4c35a18e3,0
id_4c396303a,0
id_4c3995afc,1
id_4c3d7a34c,0
id_4c4001577,1
id_4c40fb599,1
id_4c41742f5,0
id_4c425dd8f,1
id_4c43f7225,1
id_4c49c45f7,1
id_4c51c0869,1
id_4c5669998,1
id_4c5d53b46,1
id_4c5e4d4df,1
id_4c631f9aa,0
id_4c63d77d4,0
id_4c659dca1,0
id_4c69fb31b,0
id_4c6c2c201,1
id_4c6c37c56,1
id_4c7449ca3,1
id_4c76fb2aa,0
id_4c7aaffa8,0
id_4c804bacf,1
id_4c841e767,0
id_4c8fc6aca,0
id_4c92c133a,1
id_4c9a449d1,1
id_4c9a7d7fd,0
id_4c9aee718,1
id_4c9d12b60,1
id_4c9f0e891,1
id_4ca3b2796,1
id_4ca3e49dc,0
id_4caaff6db,0
id_4cb298b74,0
id_4cbec611e,1
id_4cc14b1cb,1
id_4cc736663,1
id_4ccddfaaf,0
id_4cce065fb,1
id_4cd2fbffd,1
id_4cd58c45c,1
id_4cd950771,1
id_4cdf45a8e,0
id_4ce05dc07,0
id_4ce2f26ea,1
id_4ce4eee0e,0
id_4ce6a84e2,0
id_4ce8ee3e5,1
id_4ceac9898,1
id_4cec73d2b,1
id_4cedf24a2,1
id_4cef08bb3,1
id_4cef3ef0d,0
id_4cf76d5d9,1
id_4cfa8dbb8,0
id_4cfab1df3,1
id_4cfd8b730,1
id_4cff621eb,1
id_4d02e8694,0
id_4d054d978,1
id_4d1362bf7,0
id_4d180ff64,1
id_4d1b64695,1
id_4d1c3a0df,0
id_4d20a7054,0
id_4d257b752,0
id_4d2d0c9ca,1
id_4d2e1d53a,0
id_4d2e75ae4,0
id_4d2f49950,1
id_4d30d8e3c,1
id_4d31d8060,1
id_4d352e814,1
id_4d36b01a0,1
id_4d3771ad5,1
id_4d397d6d6,1
id_4d3c39a28,1
id_4d40e5170,1
id_4d41fe5f6,1
id_4d4447453,1
id_4d47a6540,0
id_4d47bbf07,1
id_4d4bf6bd5,0
id_4d4c7bf6b,0
id_4d4ec09f2,1
id_4d4f437ce,0
id_4d56cd1de,1
id_4d5839fb6,1
id_4d592da2a,0
id_4d599e6a5,1
id_4d5c81faf,1
id_4d63f00b5,1
id_4d650a7a5,1
id_4d66660cd,1
id_4d67a684b,0
id_4d68741b7,0
id_4d6ff4c10,0
id_4d73285de,1
id_4d7b9381a,0
id_4d7e5f274,1
id_4d8152779,1
id_4d8877aa5,1
id_4d89ecf3f,1
id_4d8a26a00,0
id_4d90fcb1c,1
id_4d9446261,1
id_4d978589e,0
id_4d99293b2,1
id_4d9e0487a,1
id_4d9f40322,0
id_4da056427,0
id_4daca6028,1
id_4daf3d827,1
id_4db0910f3,1
id_4dc096e2e,0
id_4dc375121,1
id_4dcbafdd5,0
id_4dcc3312d,1
id_4dcc846b3,1
id_4dceec6b4,0
id_4dd362fe7,1
id_4dd4cf5f7,1
id_4dd4eecde,0
id_4dd6e3354,1
id_4dd9f0bfd,0
id_4dda2de7a,1
id_4de4acac9,1
id_4df151ec1,0
id_4df23e272,1
id_4df3efc56,0
id_4df7befe4,1
id_4df7d2f98,0
id_4dfa1116f,1
id_4dfa2de62,1
id_4dfcf18a1,0
id_4dff6516f,0
id_4e05f56d4,1
id_4e0c52e46,1
id_4e0c785d5,1
id_4e0e37342,1
id_4e0eb68e0,0
id_4e111a227,0
id_4e124c805,1
id_4e15ba8b8,1
id_4e19c59f5,1
id_4e1bc2aad,1
id_4e1efd453,0
id_4e2e1ddcf,0
id_4e3977c8e,1
id_4e3cef0e9,1
id_4e3e4f19e,1
id_4e3f3a76f,0
id_4e42ca390,0
id_4e46084d6,1
id_4e4c4bf91,1
id_4e4e4046c,0
id_4e52006cf,1
id_4e5545774,0
id_4e5b3207f,0
id_4e5bb7d86,1
id_4e5bdf2c5,1
id_4e5cf337d,1
id_4e60d018c,1
id_4e6a7afac,1
id_4e6da0b56,1
id_4e6f0a59b,0
id_4e79844b1,0
id_4e7b8c11f,0
id_4e7f19104,1
id_4e7f8ea0b,1
id_4e8121fb2,1
id_4e84a9c21,1
id_4e8a2e8e4,0
id_4e8c7bd83,0
id_4e9955410,1
id_4ea3995af,0
id_4ea84e6e0,1
id_4eab54e33,0
id_4eae02c71,1
id_4eb2d4b8f,1
id_4eb9622b4,1
id_4eb9fe099,1
id_4ebc4d8fc,1
id_4ecc2b84b,1
id_4ecf48bcf,1
id_4eda1510f,0
id_4edc1f5c7,1
id_4ee7b9562,1
id_4eeb54f7b,1
id_4eebf6062,0
id_4eebfdea8,0
id_4ef154f4c,1
id_4ef29f420,0
id_4ef2a23b6,0
id_4ef4ad130,0
id_4efadd140,0
id_4f0121ab3,1
id_4f017dd0b,1
id_4f02f739a,1
id_4f03761ef,0
id_4f0a3929e,0
id_4f0b30253,0
id_4f0d31d6e,0
id_4f0e3d7ac,1
id_4f15071d5,1
id_4f16313c4,0
id_4f17efaf5,1
id_4f19a6e2c,0
id_4f1c635cb,0
id_4f25daf75,1
id_4f2b42744,1
id_4f2ebdb58,0
id_4f2fd0cad,0
id_4f38b58a7,1
id_4f3a5efa1,0
id_4f43611d8,1
id_4f49cd598,0
id_4f49d4fa0,1
id_4f4e7c0ef,1
id_4f536f8ec,0
id_4f57e5d3e,1
id_4f6467dc1,1
id_4f6767594,1
id_4f698011c,0
id_4f6a02090,1
id_4f6dfda77,0
id_4f702a9d0,1
id_4f7087620,0
id_4f75e64a8,1
id_4f7c07521,1
id_4f7fba8df,1
id_4f807356c,1
id_4f84431e6,1
id_4f85591e9,0
id_4f87b4484,1
id_4f89503ff,1
id_4f8b614b2,1
id_4f91260b6,0
id_4f9294894,1
id_4f9a00297,1
id_4fa22b1be,1
id_4fa256916,0
id_4fab5a78f,1
id_4faee3b5f,1
id_4fb54f5e1,0
id_4fbd7dcd2,0
id_4fc0b4cf8,0
id_4fc13d320,0
id_4fc1846aa,0
id_4fcfee3b0,1
id_4fd356f0c,0
id_4fd89dd79,0
id_4fd8edede,1
id_4fde4e47a,1
id_4fe49bdd3,1
id_4fe6e5506,0
id_4fe75afb6,1
id_4fe90aa88,1
id_4fea4a89d,0
id_4fef8e2e6,1
id_4ff404a83,0
id_5008c51ea,0
id_500bd8440,0
id_500db3659,1
id_501020463,0
id_501512000,1
id_5015ea86c,1
id_50181ac94,1
id_501bfc6a7,1
id_50217ac9e,0
id_5024fa36e,0
id_502c5494c,1
id_503166193,0
id_5034b38d9,0
id_5035373a2,1
id_503bf3215,0
id_503c2a8bc,1
id_50411a128,1
id_5045bb47f,0
id_504a2c87a,0
id_504e93f0f,0
id_505383880,1
id_50569ade6,1
id_505941127,1
id_505ab0ebd,1
id_505c0710a,1
id_505df4457,0
id_505e1c75e,1
id_505f399be,1
id_505f74a13,0
id_5061a1a43,1
id_506245180,1
id_5062947cc,1
id_5064570b8,0
id_506603472,1
id_506a26691,1
id_506d659de,0
id_50736e28d,1
id_5074b9a4d,1
id_5079ffe22,1
id_507cb5831,0
id_50840052f,0
id_508d8a196,1
id_508dd8409,1
id_5090644e7,0
id_509606cb7,0
id_509ce5e70,0
id_509d3259e,0
id_50a392a11,0
id_50b15b68f,0
id_50b65912b,1
id_50bfc7a81,1
id_50c416e95,1
id_50c65ee8a,0
id_50c677187,1
id_50c874a19,0
id_50c9049a9,0
id_50c9ab490,0
id_50d572206,1
id_50d5a0357,1
id_50dda8797,1
id_50f0c0cc2,0
id_50f4804d2,1
id_50f53a30b,0
id_510a23c21,1
id_510c60e71,1
id_510f5b590,0
id_5110022ee,0
id_5111c0bae,0
id_511253f1f,1
id_51185bddd,0
id_511e0527c,0
id_511f07205,0
id_5121e5719,1
id_5121ecef2,0
id_51277b126,1
id_5128e4402,1
id_512ba6b06,1
id_512ed1fad,1
id_512f55a83,1
id_51309a4e7,1
id_5134a9f2b,0
id_5134fa671,1
id_51358a5e0,1
id_513602d4b,1
id_51383fa0a,1
id_513a61f3a,1
id_513cb994d,0
id_5152dddf2,1
id_5156dc137,1
id_515aa656f,1
id_515e9d0cd,1
id_5160f7f18,0
id_516135791,1
id_5162ca8b9,0
id_5166c3f83,0
id_516d99441,1
id_516edc186,0
id_5170b2d75,0
id_5177bdeee,0
id_5179f2e2b,1
id_517aea468,1
id_517c77787,0
id_517ed0692,0
id_5185f25e8,1
id_51863521b,1
id_5186ac25d,1
id_5189fc4f7,0
id_518e2f553,1
id_518e55a36,0
id_518e7a34f,1
id_5194ad2b2,1
id_519655f11,1
id_519ab3be5,1
id_51acd45d9,1
id_51ad0cd0d,1
id_51b089db4,0
id_51b75ac8a,0
id_51b9df05d,1
id_51bcb4567,0
id_51befbc00,0
id_51c08b32b,0
id_51c308830,1
id_51c668689,0
id_51c8412a3,1
id_51d186ad3,1
id_51d1feac0,0
id_51d31db5d,1
id_51d6b0303,0
id_51d8ce728,0
id_51d9ed03d,1
id_51e10f76d,0
id_51e23a8d2,0
id_51e2d76d1,0
id_51e399999,1
id_51e4ebcfc,0
id_51eee2adc,1
id_51f10fe82,1
id_51f25c35a,1
id_51f8a5ac4,1
id_51f97ba49,1
id_51fa2d461,0
id_51fc14f50,1
id_520622c7b,1
id_520842306,0
id_520a62763,1
id_520ab068f,0
id_520fe90d9,1
id_5215fb6d4,1
id_52236cf7c,0
id_522712bdf,0
id_522edfa31,1
id_523b5033d,1
id_52415117a,0
id_5241a5342,1
id_5243f68c6,0
id_52463363e,0
id_5247d20e4,0
id_524cdf25a,0
id_524e887fd,1
id_524fa2081,1
id_525101a3d,1
id_5251f0a80,1
id_52522a31e,1
id_5253a3bc3,0
id_5254967b3,0
id_52562e649,0
id_525d0d722,0
id_525e85686,0
id_526ab82e5,0
id_527035e86,1
id_527354eb4,0
id_5277618fe,1
id_527886268,0
id_52791f98d,1
id_527947144,0
id_527afbae0,0
id_527ce2180,1
id_5282a4a72,0
id_52869dda0,0
id_528b95d5e,1
id_528bb876d,1
id_528be007c,1
id_52980d75b,1
id_529831f1c,1
id_529ec427b,1
id_52a036e7f,1
id_52a2f2bbc,1
id_52a314240,1
id_52a5002c8,1
id_52a5dfc62,1
id_52a5fa54d,1
id_52a6ae94a,1
id_52a8bdcf5,1
id_52a9ef604,1
id_52aa86ba3,1
id_52ab07bbc,0
id_52acaf7c4,1
id_52af227ee,0
id_52af37ad6,1
id_52b024a48,1
id_52b68f10d,0
id_52b8fe828,1
id_52ba57aa4,1
id_52c8a89a4,1
id_52d1430b3,0
id_52d83b739,1
id_52d8e14ec,1
id_52d912912,0
id_52db09c8b,0
id_52db79ff7,1
id_52dfaf33a,0
id_52e5133b0,1
id_52e886be5,1
id_52ef3ef02,1
id_52efdcb80,1
id_52f6e435c,0
id_52fabfc1e,1
id_52fe5e22d,1
id_530467f5c,1
id_530632d65,1
id_53082de8d,1
id_530852c4b,1
id_53114a35e,0
id_5311ed4cf,0
id_53136f9eb,0
id_531446299,1
id_531bb2c26,1
id_5323ba3ea,0
id_5323d3fb0,0
id_532883fd0,1
id_532ad24ac,0
id_532e57755,1
id_532eb27ef,1
id_533430750,0
id_5337e8676,0
id_53394653f,1
id_533ff63ae,1
id_534140f96,1
id_53430aaac,1
id_53451a995,1
id_534b001dc,1
id_535084de9,0
id_5352a4cc8,1
id_53533342d,0
id_53565cfbf,0
id_53581242a,0
id_535954659,1
id_53596f979,1
id_5359c186c,0
id_535f3b86b,1
id_535f6801a,1
id_5367aa30a,1
id_536c7f4da,0
id_536e0d852,0
id_536e6fc9a,1
id_53707e4a9,0
id_53707e912,1
id_538097952,1
id_5382c5572,1
id_5383abe87,0
id_53849f77a,1
id_53860bf24,0
id_538661de8,0
id_53872d722,0
id_539dd4a16,0
id_53a0dd121,1
id_53a5b49f8,1
id_53b314d67,1
id_53b3f250f,0
id_53c03db94,0
id_53c155a5a,1
id_53c558ce7,1
id_53c7b5150,0
id_53d35ed1c,0
id_53d3804ca,0
id_53d44519d,1
id_53d53a7b8,1
id_53da7d8dc,1
id_53db70250,1
id_53de55aa9,0
id_53e471ecf,1
id_53e48e966,1
id_53e9ace52,1
id_53ed509fe,0
id_53ee9a539,0
id_53f29fb43,1
id_53f86568f,1
id_53fadf479,0
id_540139d45,0
id_540225cc9,0
id_54071a5d7,1
id_54094df07,1
id_540f7c9e3,0
id_5413cceec,0
id_54158e907,1
id_5421b6a60,1
id_542382d4c,1
id_5423f661d,1
id_5425d4f19,1
id_542e73730,1
id_544426c95,0
id_544622ce2,1
id_5448c4d91,1
id_5449dd245,1
id_544ac9e1c,0
id_544f7dd16,1
id_54561bc97,0
id_5462565b3,0
id_546388710,1
id_54644bc1d,0
id_5466bf96b,1
id_5468b74ca,0
id_546f249d1,1
id_5473fcc12,1
id_54790a92a,0
id_547a57a41,0
id_5486f0d80,1
id_548c7aef9,1
id_548ed230b,1
id_548f269e8,0
id_54945cbdb,1
id_549857610,1
id_54990b4a0,0
id_549bac84c,0
id_549c372aa,1
id_549e6d1b5,1
id_54a1faa5b,1
id_54a580c3f,1
id_54a641400,1
id_54a703f88,0
id_54aba0d8e,0
id_54adfef99,0
id_54af135a6,1
id_54ba0a61b,1
id_54bafeabd,1
id_54bf5bcf7,0
id_54c0aca4a,1
id_54c0bc085,1
id_54c2e61d6,1
id_54cd8a815,0
id_54ce4561c,1
id_54d8d06c2,1
id_54d9fe609,1
id_54e428aa6,1
id_54e5b6c53,1
id_54f176cf8,1
id_54f474807,1
id_54f86bd4a,0
id_54facdbec,1
id_550826a9d,0
id_551366662,1
id_55204cfe9,0
id_5528d989e,1
id_552d6e9fe,1
id_55327c80f,1
id_55365cc05,0
id_5537ac98d,0
id_553cd4a3e,1
id_5549f5970,0
id_554a35c96,0
id_554bc6efd,0
id_554ccb61e,1
id_5555c44f8,0
id_5559cd486,0
id_555a12f78,0
id_555be3085,1
id_555be31af,0
id_555d606eb,0
id_5562435b4,1
id_5566b01c3,1
id_556dae58d,1
id_5572345ea,1
id_557ac62c7,0
id_557db5445,0
id_557f37ff6,1
id_5581a597f,0
id_558331c62,1
id_558710956,1
id_55880fe58,1
id_55a171c68,0
id_55a6b93f2,1
id_55a6fdceb,1
id_55a796435,1
id_55a7ac69a,1
id_55ae1cd78,1
id_55af8dab8,1
id_55b094e85,1
id_55b401fb6,0
id_55b459434,0
id_55b79bade,1
id_55b976293,0
id_55c06d4f2,1
id_55ca8d460,0
id_55cde3e0f,1
id_55d74467d,1
id_55dc129f5,1
id_55dd84c28,0
id_55de23c18,0
id_55e700b0f,0
id_55e89ca35,1
id_55e99693e,1
id_55eaee310,1
id_55edf01c0,0
id_55eedfdbc,1
id_55f3793dc,1
id_55f94eefa,1
id_560130ba7,0
id_56038f9ed,1
id_560b48ae8,1
id_560c01ee1,1
id_560cf059f,1
id_560f431c3,0
id_561119cdd,1
id_56173aa69,1
id_56192c922,0
id_561c2b387,0
id_5623eaf92,0
id_56247fb9f,0
id_562713ade,1
id_5627c2649,0
id_562b02065,1
id_562f3fae7,0
id_56309d7e2,1
id_563376b1d,1
id_56343a8a2,0
id_563abfe81,0
id_563f9ca63,0
id_56413514c,1
id_564331445,0
id_56438053c,1
id_5643c8a09,1
id_564817cca,0
id_5649ac652,0
id_564c21128,1
id_564c8ed98,0
id_564d0d477,1
id_564d6e8ee,1
id_5655d3633,1
id_565a70329,1
id_565da74db,1
id_566e713bf,1
id_5674abc07,1
id_567764985,0
id_567783e3a,0
id_567868176,0
id_567b36905,1
id_5684ee1d3,1
id_568c5aab5,0
id_568d2f004,0
id_569846fbe,0
id_569ce70e3,0
id_569fc7964,1
id_56a573ce9,0
id_56a5fd573,1
id_56a7baf6a,1
id_56aa43a0c,1
id_56b163a00,1
id_56b2d32bc,1
id_56b402060,0
id_56b7b61a4,0
id_56b89dacd,0
id_56ba7af78,1
id_56c3c8151,1
id_56cec7272,1
id_56d349a56,1
id_56d41535b,1
id_56d47e258,1
id_56d63947f,1
id_56d8a52c9,1
id_56ddcd449,0
id_56df09164,1
id_56dfae5cb,1
id_56e495a28,1
id_56ecc8f0f,1
id_56ee1f5ca,0
id_56efad98a,1
id_56efc57ea,0
id_56f569369,1
id_56f96afb1,0
id_570106678,0
id_570148610,0
id_5707f850d,1
id_57084d14e,0
id_570d49fb8,0
id_5712c5819,1
id_57189b013,1
id_571990f85,1
id_571bb4c5c,1
id_5722ad7fb,0
id_572400d0d,0
id_5727bfb6d,1
id_5733ce783,0
id_5734592c2,0
id_5738c2414,0
id_573b5b53c,1
id_573cf7c56,0
id_573edcbd5,0
id_574572107,1
id_5749ea269,1
id_574f1b7df,1
id_57545dc7e,1
id_575d34afb,1
id_5761404f7,0
id_5763b6ec6,0
id_576581a10,1
id_576677daa,1
id_576ab26a0,0
id_576c4e7ef,0
id_576d3dc01,0
id_57724edef,1
id_5773cc2af,1
id_5777bc731,1
id_577eb534b,1
id_578351d59,0
id_5786d6c16,1
id_578f35682,0
id_5794e54ff,1
id_5795541ee,1
id_57981bae1,1
id_579990c8b,1
id_579caabae,1
id_57b219793,0
id_57b25eb93,0
id_57b3270a2,0
id_57b88f926,1
id_57bad40d2,0
id_57c226778,1
id_57c2ca11a,1
id_57c325a05,1
id_57c8d39ab,1
id_57cb6689a,1
id_57cc4fd15,1
id_57cd2bf11,1
id_57cdc219a,1
id_57cec29b7,0
id_57d156d62,1
id_57d322f11,0
id_57d72ede4,1
id_57dab30bc,0
id_57dc4d4f3,1
id_57e0f04f5,0
id_57e5714a9,1
id_57e700815,0
id_57e82a89f,0
id_57ec5a3b5,0
id_57eca8c9d,0
id_57ed23be5,0
id_57ef82cfb,0
id_57f6adbe9,0
id_57ff79988,1
id_5801dd021,1
id_5804f295d,0
id_580b49a47,0
id_580ece269,1
id_5810f8dfe,1
id_581341639,1
id_5815de428,1
id_58189b9ae,1
id_581a26841,1
id_5821c8afe,0
id_5822de5df,0
id_582603cc6,0
id_582ba13e4,1
id_5830407c6,0
id_58304cf7e,1
id_58336e894,0
id_583374338,1
id_5835dc7f8,1
id_5836a6c95,1
id_583d33591,1
id_58417a2a1,0
id_5844ef1a3,1
id_58478e01b,1
id_584869e8e,0
id_584b5460f,1
id_58520b69a,0
id_5852ac3fe,0
id_5853e3608,1
id_5853ff49b,1
id_585911639,0
id_585c58616,1
id_5860d78e6,0
id_58655280b,1
id_5865ee16f,1
id_58677a9fa,1
id_586ffd1ab,1
id_587085d3c,1
id_5872392bd,1
id_587679241,1
id_587c2e6b1,1
id_588249fea,0
id_58874cd2d,1
id_5889798f5,0
id_588ba7e5e,0
id_588fc0670,1
id_589483575,1
id_58aa1b8e1,1
id_58aece962,1
id_58b701e0f,1
id_58bb33f21,0
id_58c87ed54,1
id_58c9e8859,1
id_58cc7a027,1
id_58cd8100f,1
id_58d336c02,1
id_58d884645,1
id_58d97a1c4,0
id_58dbe1097,1
id_58df8fc45,1
id_58e72ba04,0
id_58ea91be8,0
id_58ee3d8b7,0
id_58f5308a9,0
id_58f5731b0,1
id_58f6c7f22,0
id_58fbbfaad,0
id_58fedf8ee,1
id_5907beee3,1
id_590acbf5a,0
id_590baba75,0
id_590c7eba4,0
id_590c90b9f,1
id_590d9ad2b,0
id_59117f4d4,0
id_59153ed45,0
id_59166f02b,0
id_591692f02,0
id_591798dd3,0
id_5918760a3,0
id_591a267b6,1
id_592025660,1
id_592223359,0
id_592240392,1
id_59232ce8d,0
id_592a091f2,1
id_5938642e4,0
id_593865697,1
id_593dacd14,1
id_593ddd65d,0
id_594068e9a,1
id_59462a93d,0
id_59479dcc2,1
id_5951635ec,0
id_5952c3f24,1
id_5954a0c2e,1
id_595702463,1
id_595aa0fd3,0
id_595bb5d6f,1
id_595fd5351,1
id_59667b643,1
id_5968218d1,0
id_596b24822,1
id_596b8a25a,1
id_596b991c6,0
id_596cf2180,1
id_596d7d427,1
id_5973dcff2,1
id_5974a967a,1
id_59784a304,1
id_59799ba45,1
id_597c78264,1
id_597c89149,1
id_597cfa606,1
id_597f57efa,1
id_598141b62,0
id_59845fa1a,0
id_59866bfae,0
id_598a40979,1
id_598cec192,1
id_59988a0e5,1
id_599d666f6,1
id_59a59de81,0
id_59a5cb363,1
id_59a5fb9b1,1
id_59a6347db,1
id_59aa47a7f,1
id_59ab068c2,0
id_59ac7b543,1
id_59ac8a0b9,1
id_59ace2243,1
id_59b4b967b,0
id_59b934848,1
id_59bc36f0c,0
id_59bd8a4ca,1
id_59bf1ae4a,0
id_59c153f10,0
id_59c167187,0
id_59c1a1299,0
id_59c8e1027,0
id_59c98ff27,1
id_59ca620c0,1
id_59cb915fe,1
id_59d15f5c2,1
id_59d76b625,1
id_59d9f13c1,0
id_59da70cab,0
id_59dad9d2e,1
id_59db488d0,0
id_59e0fb179,1
id_59e5c1add,1
id_59e7790d4,0
id_59ea064b3,0
id_59ea4d8d3,1
id_59ec1dc71,0
id_59ee71ca3,0
id_59f83f427,1
id_59f924847,0
id_59fe21375,1
id_59fed6c10,1
id_59fefa586,0
id_5a0893847,1
id_5a0b16cff,1
id_5a0bb0ee4,1
id_5a115e1ad,1
id_5a1aeb934,0
id_5a1b3740b,1
id_5a2002d58,0
id_5a25ad651,1
id_5a28cfa11,0
id_5a2bb549a,1
id_5a353d428,1
id_5a4461f57,1
id_5a4a944f3,0
id_5a5335189,0
id_5a598e2ed,0
id_5a5bdc6b3,1
id_5a5ffd0b7,1
id_5a62a833a,1
id_5a6b369f5,0
id_5a6f62c1b,1
id_5a6f979ed,1
id_5a72affd7,0
id_5a75942a9,0
id_5a76b945a,0
id_5a8060256,1
id_5a8146d16,0
id_5a8292cf5,1
id_5a87500a1,0
id_5a8c02870,1
id_5a8fdfb83,1
id_5a9004688,0
id_5a90b03b1,0
id_5a910d179,1
id_5a96693dc,1
id_5a9e230b7,1
id_5aa057804,1
id_5aa31a13b,1
id_5aa58b81c,1
id_5aa5cb7e2,1
id_5aab271f1,1
id_5aac910a1,1
id_5aae17be8,1
id_5ab1f2dc1,0
id_5aba466ec,1
id_5abcf9daa,0
id_5abe31c4f,0
id_5abedb84e,0
id_5ac33486c,1
id_5ac9f41ef,1
id_5acd89751,0
id_5ad3457dc,1
id_5ad60f53a,1
id_5ad95d799,1
id_5adc8a9cf,1
id_5ae1c4626,1
id_5ae272d04,0
id_5ae2cceb1,1
id_5ae5742d8,0
id_5ae641131,0
id_5ae933836,0
id_5aef473ad,1
id_5af23009d,0
id_5af846a52,1
id_5af9ca173,0
id_5afe21719,1
id_5aff3a4ae,1
id_5b00e7499,1
id_5b01a0aaf,0
id_5b067b01b,1
id_5b0919a52,1
id_5b0984894,1
id_5b09bdb31,1
id_5b0bba22a,0
id_5b109a4f5,1
id_5b124f15d,0
id_5b1fda604,0
id_5b217c983,1
id_5b2252155,0
id_5b24cd262,1
id_5b2fb4c15,0
id_5b309dae9,0
id_5b30fb246,1
id_5b337067d,1
id_5b33969d6,1
id_5b3a3de8e,1
id_5b3f803ad,1
id_5b4463159,0
id_5b496d477,1
id_5b4bcae7b,1
id_5b4e73674,0
id_5b4f2ab2a,1
id_5b579624a,0
id_5b57e1f3f,1
id_5b5cb7c0c,1
id_5b5ff76ff,1
id_5b620d3e1,0
id_5b6f0bc61,0
id_5b735fc9e,0
id_5b793f61d,1
id_5b7a7906e,0
id_5b7d2db64,1
id_5b7e8a80f,0
id_5b83945cf,0
id_5b85ce26a,1
id_5b8c6fff2,0
id_5b8e13f99,1
id_5b90eced4,0
id_5b96be47f,0
id_5b991e9f6,1
id_5b9dc63bc,0
id_5bad21bc2,1
id_5bb06c9aa,1
id_5bb866a07,1
id_5bbb98f09,1
id_5bbcb5c9c,1
id_5bbdcfb8d,1
id_5bbe9ae31,0
id_5bbf0c2f6,1
id_5bbfdda8c,1
id_5bc038aa1,0
id_5bc18d586,1
id_5bc1bf95b,0
id_5bc2ade65,1
id_5bc4c45b9,1
id_5bce05ca4,0
id_5bcf93a95,1
id_5bd174b7d,1
id_5bdcf7bfd,0
id_5bdf44f59,0
id_5be10297e,1
id_5be6efc00,0
id_5be7a4987,1
id_5be812f37,1
id_5beb526c2,1
id_5becb75fd,1
id_5beee4eee,0
id_5bf233d05,1
id_5bf36fa8a,1
id_5bf917cf4,0
id_5bfa93c4e,0
id_5c01213f1,1
id_5c075efff,0
id_5c09a7a05,0
id_5c0c83c3f,1
id_5c0f2d0fa,1
id_5c10774c6,0
id_5c1b8c46d,1
id_5c24bc25e,0
id_5c2527cb3,1
id_5c268eb1b,1
id_5c2c35391,0
id_5c2c95887,1
id_5c2d2a258,1
id_5c2ff1429,1
id_5c326b201,1
id_5c347d94c,1
id_5c3a35b00,1
id_5c3be3f0e,1
id_5c4380a88,1
id_5c44e93e4,1
id_5c4794e17,1
id_5c4e11f68,1
id_5c544aa5a,1
id_5c54fcfd0,1
id_5c563aa4c,0
id_5c5b85db6,0
id_5c5f25091,1
id_5c5f8ed21,1
id_5c6b06d30,0
id_5c6c23cd1,1
id_5c6fa91a5,1
id_5c6fe4b0b,0
id_5c705ec0d,1
id_5c707301e,1
id_5c70e366e,0
id_5c71347bc,0
id_5c7452b77,1
id_5c746810f,0
id_5c7f7bc15,0
id_5c81c658b,0
id_5c82e52e7,0
id_5c8326800,0
id_5c85e7532,1
id_5c8c9be5e,0
id_5c8ef88c1,1
id_5c8f3d4cb,1
id_5c92a05ef,1
id_5c94fac12,0
id_5c9e8ee5c,1
id_5c9fc262e,1
id_5ca437afb,1
id_5ca5c1b9b,1
id_5ca608e0a,0
id_5ca66c7ce,1
id_5ca6d9a8e,0
id_5cacdbdc2,0
id_5caea5446,0
id_5cbabda63,1
id_5cbc04266,0
id_5ccf4f99f,1
id_5cd0c64f3,1
id_5cd36f959,0
id_5cd3d53fa,1
id_5ce1ba7ec,1
id_5ce59a66a,0
id_5ce602be1,0
id_5ce67e076,1
id_5ce687b46,0
id_5cea1d751,1
id_5cf3073a4,0
id_5cfe75100,0
id_5cff0bb22,1
id_5d00fe9e0,0
id_5d0567d58,1
id_5d0d197f9,1
id_5d10d2802,1
id_5d11808a5,1
id_5d2c96721,0
id_5d2d34001,1
id_5d2e6e244,0
id_5d2ff2d1f,1
id_5d30cd406,0
id_5d31a783a,1
id_5d3d12dd1,1
id_5d440eab2,1
id_5d4b46d48,1
id_5d4de6f21,0
id_5d56d3da5,0
id_5d5a60562,1
id_5d5e19b2c,0
id_5d5e43f2c,1
id_5d659278a,0
id_5d668556f,1
id_5d68a07ac,0
id_5d6994a11,0
id_5d6a9bdea,1
id_5d71dbab0,1
id_5d738be47,1
id_5d780096d,0
id_5d79ac456,1
id_5d7c3937e,1
id_5d7deaaff,0
id_5d895f9de,0
id_5d91ef30e,1
id_5d96a44bd,0
id_5d9736cd6,1
id_5d98ae8af,0
id_5da185811,0
id_5da18ebc9,1
id_5dabd17df,1
id_5dac99577,0
id_5db219756,1
id_5db75bc20,1
id_5dbff3c18,0
id_5dc102f9b,0
id_5dc2e2a8a,0
id_5dc997c42,1
id_5dcbf1873,1
id_5dd06a2d1,0
id_5dd430e90,1
id_5dd499d8d,1
id_5dd8a9d44,0
id_5de0c5776,0
id_5de1915d2,1
id_5de4f17d5,1
id_5de8c8a74,1
id_5de8d4357,1
id_5de9af9a3,0
id_5dedb7e98,1
id_5dee1abfc,1
id_5df197388,1
id_5dfa1615f,0
id_5dfed8a6b,1
id_5dff0b1e2,1
id_5e0625f81,1
id_5e0994aa5,1
id_5e0a27cbf,0
id_5e0a3f1f8,1
id_5e0c22b49,1
id_5e0cec0d4,1
id_5e0d06f7d,0
id_5e0db9090,1
id_5e0df00ee,0
id_5e181ba32,0
id_5e19b25a8,0
id_5e19e4050,1
id_5e1b3e02d,1
id_5e22b36f8,0
id_5e2415d9c,1
id_5e270dde1,1
id_5e29f7818,0
id_5e2e358b7,1
id_5e33eae30,1
id_5e3e46f6e,1
id_5e4050ea2,1
id_5e45a2f6a,1
id_5e4ac05d7,0
id_5e5238f50,0
id_5e57e1872,0
id_5e5be9678,1
id_5e5c20e93,0
id_5e5d54a78,1
id_5e60ce59e,1
id_5e6259830,0
id_5e66518c8,1
id_5e674d788,0
id_5e6e91df4,0
id_5e7baf479,0
id_5e80dbb47,1
id_5e8152092,1
id_5e8363b05,1
id_5e86b0642,1
id_5e89628cf,1
id_5e897cbe5,0
id_5e8c0a900,1
id_5e8caa558,1
id_5eab83969,1
id_5eb6c4557,0
id_5eb99c9f6,1
id_5ebf78c61,0
id_5ec203986,1
id_5ec24e5d4,0
id_5ec309441,1
id_5ec6ccb66,1
id_5ec8101ad,1
id_5ed41dc4c,1
id_5ed66deb5,0
id_5ed821ea8,1
id_5ed93c5de,1
id_5ee86fa25,1
id_5ee929d68,1
id_5eeda1c1f,0
id_5eedd681c,1
id_5ef214cfe,1
id_5ef82db5a,0
id_5ef93eec6,0
id_5efba86fe,1
id_5efbe57b4,0
id_5efd39687,1
id_5effec905,1
id_5f0178a94,1
id_5f03a2945,0
id_5f065543c,0
id_5f0678577,0
id_5f0b6a8ec,1
id_5f118190d,1
id_5f13c4976,1
id_5f14ad6f7,1
id_5f1ba10c1,0
id_5f1e3947d,1
id_5f24c89d8,1
id_5f279a979,0
id_5f2f94c8d,1
id_5f309cb40,1
id_5f3138883,0
id_5f3639e18,1
id_5f38a4792,1
id_5f39b5076,0
id_5f3ba4ff0,1
id_5f3cc9f11,0
id_5f3d6813d,1
id_5f3ecf233,1
id_5f3f602e4,0
id_5f453f57f,1
id_5f4a3fc5a,1
id_5f4ba7bb3,1
id_5f5361f37,0
id_5f57c5072,1
id_5f5a74755,0
id_5f5ac9a13,1
id_5f5b01ed1,1
id_5f5ec79dd,1
id_5f5f83188,0
id_5f6b90678,1
id_5f6d543ee,1
id_5f6fa2b19,0
id_5f71db963,1
id_5f71fa95e,1
id_5f73acb33,0
id_5f758a814,0
id_5f776f4da,1
id_5f790a51f,0
id_5f7abd30a,0
id_5f7ebd338,1
id_5f7fc150f,0
id_5f859a079,1
id_5f9a48489,0
id_5fa376ab9,1
id_5fa44373f,0
id_5fab618ee,1
id_5faf948f0,1
id_5fb05172f,0
id_5fb482296,1
id_5fb6347b8,1
id_5fb8c214b,0
id_5fb99ca4a,1
id_5fb9b188a,1
id_5fbb3e2d2,0
id_5fbd1067d,0
id_5fbdf1432,1
id_5fc23b6d2,0
id_5fc61000c,1
id_5fcb7b0a5,0
id_5fce2cb17,1
id_5fcf67b26,1
id_5fd34db01,1
id_5fd3bd8cb,1
id_5fd6b3b08,1
id_5fda6c9ff,0
id_5fe1e0824,0
id_5fe30ccba,0
id_5fe4060d9,1
id_5fe4ceadb,1
id_5fe5cb2ba,1
id_5fe5cc8e2,1
id_5fe87133d,1
id_5ff01bbbe,0
id_600465b28,1
id_600519d8d,1
id_600dad71c,1
id_60152c83d,1
id_60191127f,1
id_601a0d62f,0
id_60230871d,0
id_60243628c,1
id_602a1eca3,1
id_602e2d6da,0
id_603072d5b,0
id_60349d30d,1
id_60362dbc8,1
id_6036d75d4,0
id_6038bd1c7,1
id_6041b2de4,0
id_6044a5226,0
id_60542908a,0
id_6055a260f,0
id_6055b2f29,1
id_6056b4231,1
id_605c5285c,0
id_605cb61a4,1
id_60626f3d8,0
id_606f8597f,1
id_6076ce76e,1
id_607b8e523,0
id_608694dd2,0
id_6089ed243,1
id_6094d3274,1
id_609598734,1
id_609c73a3f,0
id_609e0a2d2,1
id_60a006126,0
id_60a0ed25b,1
id_60aaf8185,1
id_60b174d69,0
id_60b30b62c,1
id_60b6be8ae,0
id_60bb86666,0
id_60c22d246,1
id_60c72a5a0,0
id_60c74008e,1
id_60c75e5de,1
id_60c806059,1
id_60c8385e4,1
id_60d6adc84,0
id_60d98ddcd,1
id_60eb23f5a,0
id_60ee463eb,0
id_60f777ea1,1
id_60f7b84bd,0
id_60fbbb8af,1
id_60fd503eb,1
id_60ff83b8a,0
id_61017580e,0
id_6104a7a49,0
id_6107a7f6b,0
id_610d069ae,1
id_610f05676,1
id_6114c5e89,1
id_611581293,0
id_6116d3648,1
id_6117803e6,1
id_611950272,1
id_611b1e1fd,0
id_611b4eaec,0
id_611d87982,1
id_612ee17aa,1
id_6132c6eff,1
id_613515350,0
id_613968378,0
id_613afe012,0
id_613e11b04,1
id_614236bc7,0
id_614906bf0,1
id_614a55746,0
id_614a56121,0
id_614d194eb,1
id_6151144e0,0
id_615156b19,0
id_61528145d,1
id_61531d08b,1
id_615e6b6da,1
id_6169f387c,0
id_616f8e107,1
id_6178b2867,0
id_617936950,0
id_617a7d11f,1
id_617fd5cd7,1
id_618611c45,1
id_6192a3839,0
id_6196163ec,1
id_61962a28c,1
id_61995232c,0
id_619a09769,0
id_61a5acd7a,1
id_61a82006a,1
id_61ab9af88,0
id_61afbf497,1
id_61b05de25,1
id_61b087c5e,0
id_61b208946,0
id_61b8e7cbc,1
id_61c0e060d,0
id_61c33d4c0,1
id_61c46a264,1
id_61c571f77,0
id_61c9f4c3e,0
id_61cb35205,0
id_61cc40823,1
id_61d32483f,1
id_61d343d54,0
id_61d677b70,1
id_61db7fe78,0
id_61e6fe3de,0
id_61e99fcb2,1
id_61e9bca8b,0
id_61ebbd801,1
id_61ebceb55,1
id_61f3ff358,1
id_61f424ce4,1
id_61f4cb236,1
id_61faa0404,1
id_620145d4a,1
id_620251054,0
id_620f390ed,1
id_62163044c,1
id_621683682,1
id_621f0e8af,1
id_6223b932f,0
id_62262e969,0
id_6229f250a,0
id_622ac21a1,0
id_622d0cf18,0
id_622e14b3d,0
id_623088f3e,0
id_6234f3b84,1
id_6235d1189,1
id_623967a44,0
id_6239c13b3,0
id_62429c567,0
id_6244720b2,1
id_62450dc65,0
id_624ae9dd0,1
id_624c12774,1
id_624c799e3,0
id_624d3a819,1
id_624e9a9ab,0
id_62504c7c4,0
id_625190c00,1
id_62525ec9b,0
id_625a6dc0a,0
id_625c89f09,1
id_6268a6063,1
id_6270fc0da,1
id_627638a9e,0
id_6276c0bc9,1
id_627d8b45a,0
id_6287ab35b,1
id_628d7dce8,1
id_62a107f36,0
id_62a305f8b,1
id_62a30d032,1
id_62a6d3351,1
id_62a70fa6b,1
id_62abf6c53,1
id_62b2509f2,1
id_62b27e6e0,0
id_62b7f4541,1
id_62c3c39a5,1
id_62ca31001,0
id_62d998d3d,1
id_62ddca8f5,0
id_62e2848b1,1
id_62e43e278,0
id_62ef09f3f,1
id_62ef0cf35,0
id_62f27e78f,1
id_62f40401c,0
id_62f5e0ece,0
id_62fca6115,1
id_62fe05274,0
id_6303da501,1
id_63056554e,1
id_63074bbfb,1
id_6307b481e,1
id_630c0045c,1
id_630efff44,1
id_631186ad5,1
id_6312042ff,0
id_6323e01d2,1
id_632b68109,1
id_632fd4e9b,0
id_63370e411,0
id_6338e3dbb,1
id_6338ff12e,1
id_633b27bbf,1
id_633b57d29,0
id_6345b9c55,0
id_635183730,0
id_63541c91c,1
id_6355aaf11,0
id_6355ed9a3,1
id_63562cb99,1
id_63598149d,1
id_635bb24ae,1
id_635da9ae8,1
id_635f8ece1,0
id_635fbf314,1
id_636035a24,1
id_63615f9e1,1
id_63631411b,0
id_6363d8e8a,0
id_63666fabe,1
id_6366fe717,1
id_636744d6e,0
id_636a033d7,1
id_637056c60,0
id_6371084fa,1
id_63710ec81,1
id_63795c739,0
id_637b02976,1
id_637fec8d7,1
id_638388f7c,0
id_63874d210,1
id_6388807df,1
id_638a9e0fe,1
id_6392352dd,1
id_6394cb8b8,0
id_639600bb0,0
id_6396db151,1
id_63988e57f,1
id_639992887,0
id_639d2df1c,0
id_63aa73d85,0
id_63ad53d60,0
id_63b2f05ee,0
id_63b807659,0
id_63b939333,1
id_63bbe5d09,1
id_63bf58ae3,1
id_63c5eae38,1
id_63d09118c,0
id_63d9032d9,0
id_63e9086c9,1
id_63ee25be6,0
id_63efeebc0,0
id_63f18dafa,1
id_63f1db9e4,0
id_63f310837,1
id_63f3316dd,1
id_63f3ff96b,1
id_63f747528,1
id_63f844992,1
id_63fbd456f,1
id_63fc9026f,0
id_63fcb068c,1
id_63fd3f782,1
id_63fe5254e,0
id_6404c37aa,0
id_640a2f7b1,1
id_640b18210,0
id_640e0599d,0
id_640fdf207,1
id_641142817,1
id_6411c4793,1
id_64127b3a4,0
id_641666e32,1
id_641afa1e9,1
id_641b2b130,1
id_641f91fa7,0
id_642573430,1
id_6430ab7d5,1
id_6437ad2ea,1
id_643c8c58b,1
id_643e8969e,0
id_64598f316,1
id_645da3c2e,1
id_6461c9525,0
id_6469de52c,1
id_646c83f37,0
id_646e38ce3,0
id_646e574f1,1
id_6472c5e05,0
id_6478eba23,1
id_648a13f0c,0
id_64991b04c,0
id_64a01962f,1
id_64aef22c1,1
id_64b329b84,1
id_64b578db5,0
id_64b747718,1
id_64b7f59c5,1
id_64b96f2f7,1
id_64c0eecbb,1
id_64c408eef,0
id_64c4bda8a,0
id_64c649293,0
id_64c88ec7a,0
id_64cb94239,1
id_64cc197b7,1
id_64cddca0f,1
id_64d46bf5f,0
id_64d486535,0
id_64e1aeac0,1
id_64eba2e79,1
id_64ec80d8d,1
id_64ecda998,1
id_64f0ec11d,0
id_64faade63,1
id_64fb50e2b,1
id_64fbec4a2,0
id_64fcfca12,0
id_65028d81b,1
id_6503740f7,0
id_6508af96e,0
id_650e2e6c6,1
id_65191cc6d,1
id_6520bec41,1
id_65229edb9,0
id_65232eb0b,1
id_65297a222,1
id_6532dea3f,1
id_65344c6c9,1
id_6538f038a,1
id_653b98128,1
id_653c5747b,0
id_653fc799e,1
id_6546212d7,1
id_6547dda1c,0
id_654b787e5,0
id_6550be053,1
id_655565c63,0
id_6556cf8bf,1
id_65573d51d,1
id_65596c3fc,0
id_655bbb0c3,0
id_656052e19,1
id_6563d9c77,1
id_6563fe50d,0
id_65684032c,1
id_657013a57,1
id_657bdb25f,0
id_657c6e9be,0
id_657d886da,1
id_6585c05be,1
id_6589cbe7c,1
id_658a8bf46,0
id_658b5defd,0
id_658c34051,1
id_65947d92f,0
id_65952f2c1,1
id_659734784,1
id_6598c2049,0
id_659902395,0
id_659b59c8f,1
id_65aba49ce,0
id_65aca4a97,1
id_65b24938c,0
id_65c1ee7b3,1
id_65c1fc7cc,1
id_65c46664a,0
id_65ced3a92,1
id_65cf0da21,0
id_65d075010,1
id_65d90c0f1,1
id_65dc76971,0
id_65dcaf05d,1
id_65dcb0f60,1
id_65e62472c,0
id_65efe554f,1
id_65f194992,1
id_65fb199e0,0
id_65fb5e811,0
id_66000f0aa,0
id_660096a5b,1
id_66023324e,1
id_660776758,1
id_66082047b,0
id_66090b43a,1
id_660ab45fe,1
id_660d9fbaa,0
id_660e38674,1
id_6617c5284,1
id_661dcf398,1
id_662e2b07e,1
id_662fcac09,1
id_6632c86ae,1
id_663357ae0,0
id_6633df8e2,1
id_6635f29b5,1
id_663bb823e,0
id_663d15b8f,1
id_66412ba27,0
id_6645165cd,1
id_665100071,0
id_665826981,0
id_6659ce9c4,1
id_665ae29dd,0
id_665e85fc8,1
id_665f3cd3e,1
id_66626dc9c,1
id_6666e7aa9,0
id_66687ef01,1
id_6669d36ae,1
id_666d8c355,0
id_6670e0d8f,0
id_6671388e7,0
id_667b4da30,1
id_667db8677,1
id_6682a66ab,1
id_66844b283,1
id_668d92d4b,1
id_66921826a,0
id_66966add9,1
id_66986bb44,0
id_669eb401c,1
id_66a003ac7,0
id_66a4cb0cb,1
id_66a5fe0c3,1
id_66a8777c5,0
id_66abb6b3b,1
id_66ac1a2e3,1
id_66add04de,1
id_66b19bf20,0
id_66b4bc250,1
id_66b90a886,1
id_66c01f4c4,1
id_66c8260a3,0
id_66c94d18e,1
id_66d008737,1
id_66d1b34b3,1
id_66d2a7a20,1
id_66dc45832,0
id_66e083375,0
id_66f120a94,0
id_66f4169cb,1
id_6701dfe26,1
id_670271436,0
id_6703272e6,1
id_6705383fd,1
id_670bc969d,0
id_670e39d79,0
id_670f697d2,1
id_67118f27f,1
id_67178c4e3,1
id_6723f25e2,1
id_6725f9435,0
id_67274fe24,1
id_672879e51,1
id_672c19c99,0
id_672c82b2d,0
id_673141205,1
id_67322f8cc,1
id_6736f68dd,0
id_67424aded,1
id_674513794,1
id_6746e38bf,1
id_6747bf8d1,0
id_6748a975e,1
id_674b419ec,1
id_674baf12b,0
id_674eae853,1
id_67507595a,0
id_6751b1be8,0
id_67555f7ed,1
id_675a54711,1
id_676314d03,1
id_676547a1d,0
id_676be49e9,0
id_67708dad5,1
id_677235c36,1
id_677fee8c9,0
id_67809243e,1
id_6781c9b15,1
id_6782e2340,1
id_678330162,0
id_6788941ce,1
id_678a4f9c3,0
id_678ba07c6,1
id_67923e941,0
id_6792e3320,1
id_67941f502,1
id_6794c418d,0
id_679565efb,1
id_6798268f7,1
id_679ee2fb4,0
id_67a0b4650,1
id_67a900160,0
id_67aefc776,0
id_67b09726a,0
id_67b44d494,1
id_67bacf0ab,1
id_67c04d196,0
id_67c456c45,1
id_67c6e089c,1
id_67c93f263,0
id_67d06886e,1
id_67d4e3055,0
id_67d7efe7c,1
id_67dcef4ab,0
id_67de744d4,1
id_67deb9f2c,1
id_67e2118ee,1
id_67e2fadd6,1
id_67ef5264b,1
id_67f305e3b,0
id_67f30e49b,1
id_67f5846de,0
id_67f6efc0a,1
id_67f6f3b95,1
id_67f9d9044,1
id_67f9e735c,1
id_67fbecc73,1
id_67fc36c4f,1
id_68005c99b,1
id_68048d0d6,1
id_68094090b,1
id_6812b125e,0
id_681570f5b,1
id_6817d8d28,0
id_68187faa5,1
id_6818af07c,1
id_6818ceffd,0
id_6822f7007,0
id_6824e7bd7,1
id_6825888ac,1
id_6825a5719,1
id_682a27da7,1
id_682fea3e0,0
id_683218020,1
id_68349eec4,1
id_683ef444b,1
id_683f98811,1
id_6845d7b08,0
id_6849b68e3,0
id_684c21f8f,1
id_684da50cc,0
id_6855ecca5,1
id_6856d1bef,0
id_6857e581b,1
id_685d66940,1
id_685df5df8,0
id_6864104b8,1
id_686bab217,0
id_6870b395f,1
id_6871fb415,0
id_68722619b,0
id_687a1d30e,1
id_687a9d9e8,1
id_687b325a7,1
id_687c990c6,0
id_687e47abb,1
id_68899377d,0
id_688da2a7f,1
id_68901448f,1
id_689669527,1
id_689cb2d00,1
id_68a01c79a,1
id_68aa3125b,1
id_68ac63111,0
id_68acf5878,0
id_68ad55054,1
id_68ada35d7,1
id_68ae5ecc4,0
id_68b156690,0
id_68b63be33,1
id_68b6ecebc,1
id_68bfa3b79,1
id_68c4a31ef,1
id_68c993a1d,1
id_68cc44a8c,1
id_68ce65f0a,0
id_68cfaa247,1
id_68d1122e0,1
id_68d215396,1
id_68d24c4f8,0
id_68d499107,1
id_68e099f1b,1
id_68e4754e8,1
id_68e53fce7,1
id_68f4078d2,1
id_6901c188b,0
id_6903fa733,1
id_690b82ed7,1
id_690d813f1,0
id_69156d180,0
id_691fd5d94,0
id_692211bfc,1
id_69251f87c,1
id_6926e299f,1
id_692a7150c,1
id_692bf1e03,1
id_6934252f7,1
id_69369b56b,0
id_693cbed61,0
id_694006ecf,1
id_6942d83b0,1
id_6950b98c0,0
id_695347f4e,0
id_695617530,1
id_69571cf30,1
id_6957e5ba7,1
id_695b09b2d,1
id_695be82a8,0
id_695c85e07,0
id_695e01e21,1
id_6964f3554,1
id_696c47d3d,0
id_696d0da66,0
id_696e8cc2e,1
id_69714e5de,1
id_6973c084b,1
id_697648c4c,0
id_6976d21cb,0
id_697a9e538,1
id_698378ef2,1
id_698782a18,1
id_698917f88,1
id_69978a164,0
id_6998aaead,0
id_699b5aa5b,1
id_699be7539,0
id_699f51a24,0
id_699f566b8,1
id_69a0f3219,0
id_69a39596f,1
id_69a7047ab,1
id_69a798fc4,1
id_69a87f1f8,1
id_69ac9f321,1
id_69b0266eb,1
id_69b299a9d,1
id_69b96a5f7,1
id_69b9ba2e6,1
id_69bda4ec0,1
id_69c0d2bfc,1
id_69c3c04b0,0
id_69c4c873c,1
id_69c93971b,0
id_69d3a8e0e,1
id_69d5c151a,0
id_69d9bbad1,1
id_69dc3cf6c,1
id_69de619e7,1
id_69e02700b,0
id_69eb107dd,0
id_69ece8e17,1
id_69f01ecf6,1
id_69f078a0b,0
id_69f3521ac,1
id_69f519dcf,0
id_6a06a0ef8,0
id_6a0b88980,1
id_6a13d6e6b,1
id_6a141222a,0
id_6a1448445,1
id_6a2452004,1
id_6a276cbfe,0
id_6a2b70a63,0
id_6a2d3316f,0
id_6a2d88521,0
id_6a3b25180,0
id_6a3e8af98,0
id_6a3f14d41,1
id_6a4493a2c,1
id_6a4ac064a,1
id_6a4fd2f7e,1
id_6a545e1e0,0
id_6a54bde43,1
id_6a583abc7,1
id_6a5c64d84,0
id_6a5cc3e40,0
id_6a5ee896f,1
id_6a600da83,1
id_6a6173dad,0
id_6a620c2b5,1
id_6a69d5cdc,0
id_6a6b576f2,1
id_6a7aacbd7,1
id_6a7c51bf3,0
id_6a7e07d06,0
id_6a83ee28c,0
id_6a86a93bf,0
id_6a87f4c26,0
id_6a8d0e95e,1
id_6a9611193,0
id_6a98c0bd8,1
id_6aa0e105d,0
id_6aa1067ae,1
id_6aa21d3b5,1
id_6aa368d53,1
id_6aa4e122d,0
id_6aaa51fc1,1
id_6ab4fdb89,0
id_6ab62d1ca,1
id_6ab718fb2,1
id_6ab8640e2,1
id_6abe0ff86,0
id_6abf9ec2a,0
id_6abfaf98c,1
id_6ac070dc4,1
id_6ac687f78,1
id_6ac6d4015,0
id_6ac851116,1
id_6acfbe0e3,0
id_6ad099d8b,1
id_6ad34a081,1
id_6ae1d10b4,0
id_6ae239a17,1
id_6ae49ab13,0
id_6aeb7f514,0
id_6aeb8c795,1
id_6aec928e1,1
id_6af88a021,0
id_6afdef6bf,0
id_6afe69286,0
id_6afecbb93,0
id_6b05cfd93,0
id_6b0b352fc,1
id_6b0c63693,0
id_6b0dd8d18,1
id_6b0fd0310,1
id_6b0fdf337,0
id_6b172c51c,1
id_6b1936f52,1
id_6b1b7dbba,1
id_6b1d2a5fa,1
id_6b22fc8ad,1
id_6b232ba5f,1
id_6b25d42ff,1
id_6b2bc3bb4,0
id_6b33947ce,0
id_6b34d6059,1
id_6b3758592,1
id_6b38d756f,1
id_6b39843fd,0
id_6b3d0a912,0
id_6b3f29673,0
id_6b4227bc2,1
id_6b4760cb6,1
id_6b4d736a2,1
id_6b50d92eb,0
id_6b51465c7,1
id_6b56f2484,0
id_6b59bf2fc,1
id_6b5c36e76,0
id_6b5f60520,1
id_6b60e349d,0
id_6b679da61,0
id_6b6c67441,1
id_6b729580e,1
id_6b72cdc2f,1
id_6b7432442,1
id_6b79db881,0
id_6b818fa5e,0
id_6b88c0096,1
id_6b89a0207,0
id_6b8a04872,0
id_6b8f2365c,1
id_6b936a1e3,1
id_6b9a9ecef,0
id_6ba08f877,0
id_6ba0c33ed,0
id_6bad78336,0
id_6bb186698,1
id_6bb26e5a4,1
id_6bb901613,1
id_6bbc4efe5,1
id_6bbe74d10,1
id_6bc5d72f0,0
id_6bccc629c,1
id_6bcd868de,1
id_6bcf6933c,0
id_6bcfcbb8a,0
id_6bd112c09,1
id_6bd5dc31f,1
id_6bd9c0f6c,1
id_6bdc2c83a,1
id_6bdd75a4c,1
id_6bddb05bc,1
id_6be4947c5,1
id_6bed42bc2,1
id_6bee5b814,1
id_6bf14ec55,0
id_6bf44aca7,0
id_6bf4c9081,1
id_6bf65e7b0,1
id_6bf8f3125,0
id_6bfc6636a,1
id_6c08621ad,1
id_6c0917d83,1
id_6c0abcd64,1
id_6c0bc0099,1
id_6c1b05be5,0
id_6c1e44e48,1
id_6c1f13846,0
id_6c25c1e71,0
id_6c2716fbf,1
id_6c2a71fb6,1
id_6c31c5376,0
id_6c3232aaa,0
id_6c37f8cc4,0
id_6c431a997,1
id_6c4d02750,0
id_6c5054552,1
id_6c5389abf,1
id_6c545ee1d,0
id_6c57ee3d7,1
id_6c5c84156,1
id_6c5c8a6f2,1
id_6c72e7e76,1
id_6c766c578,1
id_6c7cb12d6,1
id_6c87335e9,0
id_6c894b4a4,1
id_6c8f0b1d4,0
id_6c958963d,0
id_6c96c15d4,1
id_6c99a07f8,1
id_6c9a95f1f,1
id_6ca2a25af,1
id_6cb1c0601,1
id_6cb8d7c34,1
id_6cbbce53d,0
id_6cbdaa972,1
id_6cc19455b,1
id_6cc3e1e05,1
id_6cc848a5a,1
id_6cc8790d6,1
id_6ccbbdc74,1
id_6ccc119fd,1
id_6cd08e933,1
id_6cd6df492,1
id_6cdc3fb7f,0
id_6cde63783,0
id_6cf02e4d5,1
id_6cf11df92,1
id_6cf242998,1
id_6cf2a072a,1
id_6cf5af7e2,1
id_6cf88afed,1
id_6cfa90748,1
id_6cfe41528,1
id_6d05f8e48,0
id_6d0a07a5b,0
id_6d15098ef,1
id_6d177dd67,1
id_6d1b8f3a3,1
id_6d1c5c392,1
id_6d1d92d56,0
id_6d1ffb50b,0
id_6d2763866,1
id_6d299ac12,0
id_6d29e7cc9,1
id_6d324c156,0
id_6d382eeaa,0
id_6d3ab0892,0
id_6d403aebb,1
id_6d41ea80c,0
id_6d4686820,0
id_6d480a9f5,1
id_6d4839799,1
id_6d4f6b830,1
id_6d55c12cc,0
id_6d5ca08c0,0
id_6d6162b97,0
id_6d66df1ae,1
id_6d67c6d51,1
id_6d6e1a82c,1
id_6d7311dfc,1
id_6d74356ce,1
id_6d78c5ab5,1
id_6d7a52f4b,0
id_6d82c4f8e,0
id_6d886d17d,1
id_6d8c11780,1
id_6d8d53090,1
id_6d9765a92,0
id_6d9f3eae1,1
id_6da16eb26,1
id_6da389e7f,1
id_6da9030aa,0
id_6daaf3179,0
id_6daf0752c,0
id_6db0627f3,0
id_6db20af5a,1
id_6db3460ac,1
id_6db603250,0
id_6dbc9fe65,0
id_6dc1255d8,0
id_6dc9b21bd,0
id_6dcc52638,0
id_6dce5f169,1
id_6dd52c758,1
id_6dda620e3,0
id_6ddb24467,0
id_6de3215e4,0
id_6de67f6b7,1
id_6deaf3df6,1
id_6debea8a5,1
id_6df00203b,0
id_6df07a8bf,1
id_6df0b8d53,1
id_6df556bc7,0
id_6dfbd744c,1
id_6dfc27ea4,0
id_6dfe4f1f7,1
id_6dff6277a,0
id_6e019e303,1
id_6e07c164f,1
id_6e0a7eeb8,0
id_6e1a03632,1
id_6e1c713e1,1
id_6e228b769,1
id_6e2894147,1
id_6e2a93078,1
id_6e2d763f8,1
id_6e2de17cd,0
id_6e2ea67c7,1
id_6e30e8efe,1
id_6e3bc22b3,0
id_6e3c60de5,1
id_6e3d8944b,1
id_6e3f65b9a,0
id_6e41b5476,0
id_6e4238249,1
id_6e4684779,0
id_6e475a137,0
id_6e4a3b600,1
id_6e4ae998a,0
id_6e4fea366,1
id_6e52e1684,1
id_6e5379633,1
id_6e53dd7a0,1
id_6e55fd7a3,1
id_6e56a6599,1
id_6e5d63627,1
id_6e6a52293,1
id_6e6cea595,1
id_6e731f639,0
id_6e79c4012,1
id_6e7d4fa1d,0
id_6e80450f7,0
id_6e8356726,1
id_6e8670a12,1
id_6e8c1802e,1
id_6e9014edf,1
id_6e91e7ec3,1
id_6e954d8a9,1
id_6e95d07ca,1
id_6e9cfa047,1
id_6e9f56fa9,1
id_6ea32194e,0
id_6ea89866b,1
id_6eaa5522f,0
id_6eb24236f,1
id_6eb487e0c,1
id_6eb622104,1
id_6eb6a569d,0
id_6eb739101,0
id_6eb73cc0c,0
id_6ebb7f39e,1
id_6ebbdb55e,1
id_6ec494170,0
id_6ec4eccaf,1
id_6ecc0b695,1
id_6ecec1ecf,0
id_6edb27be0,1
id_6edf75cb6,1
id_6ee061186,0
id_6ee34f769,1
id_6ee5a4565,1
id_6ee8e4911,0
id_6eeab33f2,1
id_6eef8abd6,0
id_6ef157fa4,0
id_6ef27d996,1
id_6ef88d9fe,0
id_6f03a379d,0
id_6f051d083,0
id_6f101edaa,1
id_6f141ece0,0
id_6f16fe69e,1
id_6f1b26cb6,1
id_6f22cdd89,1
id_6f294c97f,1
id_6f29e991e,1
id_6f2a5c029,1
id_6f2cb4089,1
id_6f2d2e30b,1
id_6f3064f14,0
id_6f3b8c3b8,1
id_6f3d9ccb6,1
id_6f4055d35,0
id_6f42419cd,0
id_6f4930740,0
id_6f4a4af46,0
id_6f5b0c4d0,1
id_6f5d753f4,1
id_6f62a6471,1
id_6f6714326,1
id_6f6a19def,0
id_6f6d5d319,0
id_6f6ddfff3,0
id_6f6fd46b5,1
id_6f751e273,1
id_6f78203cb,1
id_6f790e3ab,1
id_6f8119b6e,1
id_6f8464b28,0
id_6f852abe2,1
id_6f8712145,0
id_6f89b223a,0
id_6f8bb7ccc,1
id_6f8bec814,1
id_6f8c27f79,1
id_6f92cce20,1
id_6f969d23e,0
id_6f98c1335,0
id_6f9ff8bbb,1
id_6fa0b9738,1
id_6fa395a67,0
id_6fa480b6a,0
id_6fa4c8b17,1
id_6fa7db048,1
id_6fadff03f,1
id_6fafe221a,1
id_6fbe902a9,0
id_6fc08b118,0
id_6fc0dc031,0
id_6fc1431dd,0
id_6fc1f9f4c,0
id_6fc659f6d,1
id_6fd1d1ff3,1
id_6fd2fb461,0
id_6fd9e3247,1
id_6fe218e2d,0
id_6fe2a8e96,1
id_6feba92aa,0
id_6fec1d02e,1
id_6fec5ad26,1
id_6fed07d24,1
id_6fede332b,1
id_6fee37b43,1
id_6fefcd19b,1
id_6ff38c1e4,1
id_6ff4a74ec,1
id_6ff569fee,1
id_6ff736b68,1
id_6ffa9b32d,1
id_6ffce9a46,1
id_6ffe2772d,1
id_6ffe82ea0,1
id_6fff2ad04,0
id_7004f3a32,1
id_70050d8d6,0
id_700614aa5,0
id_70097b86c,0
id_700b69358,1
id_70154f2eb,0
id_7016eea45,1
id_7020f1ad8,1
id_70255a245,1
id_7029deff3,0
id_702eceff3,0
id_702f61e4b,0
id_703296126,0
id_7036cfdf2,0
id_703ee3ecb,1
id_7045f63b2,1
id_70495f9a3,1
id_704c0533c,0
id_704e2de07,1
id_704f122de,1
id_70551a6aa,1
id_705610a2a,1
id_705819c06,0
id_7059d450f,1
id_70613b678,1
id_7061c5d4a,0
id_7063e508e,1
id_706641315,1
id_706b978b9,0
id_706bbba10,1
id_706e8ba6b,1
id_707802255,0
id_7078224e3,1
id_707d4573e,0
id_70871a6bc,1
id_7087a51f6,1
id_708ab25e5,0
id_708d4c70a,0
id_709c73ef3,0
id_70a127407,1
id_70a7644a7,1
id_70b192307,0
id_70b5524d6,1
id_70b888bea,1
id_70bf47a58,1
id_70c0784bb,1
id_70c3077d5,1
id_70c4a0994,1
id_70d0b7651,1
id_70d24b2a3,1
id_70d326bb0,0
id_70d8a1d55,0
id_70d9e5b1b,1
id_70dbec02e,0
id_70dcca318,0
id_70e093d46,0
id_70e1ec28e,1
id_70e224b7d,1
id_70e37895d,1
id_70e3a4f17,0
id_70e5b09b3,1
id_70e854fd3,1
id_70e876052,0
id_70e9244df,1
id_70e95ea55,1
id_70e97ea86,0
id_70f8ae975,0
id_70febce10,1
id_70ff17285,0
id_7100ccec2,0
id_71019b6c4,1
id_71042c21a,1
id_71067a26e,1
id_7107f6eb6,0
id_710dec356,0
id_71131dfde,1
id_7114a5d69,1
id_71186776a,0
id_7119e7755,1
id_712136432,1
id_71284e1cc,0
id_71286a60f,1
id_712beb88f,0
id_7133c654a,1
id_71374fc4c,0
id_7140b4e95,1
id_7142e9b0e,1
id_714b6a1fa,1
id_715932667,0
id_715bf3583,0
id_715c49175,1
id_7160ff3c9,1
id_716c769f1,0
id_7170ae53a,0
id_7174e0bf3,0
id_7181c1011,1
id_7182f172f,1
id_718590e59,0
id_718816062,1
id_71899b292,1
id_718dc998c,1
id_719aa49ee,1
id_71a19d3e0,0
id_71a6a499a,0
id_71a6b480f,1
id_71a78cc54,1
id_71af74296,0
id_71b0f8763,1
id_71b2508c1,0
id_71b62c41f,1
id_71b9f65ce,1
id_71ba9969e,0
id_71bd25a55,1
id_71beac8ab,1
id_71bfdead2,1
id_71c8f393d,1
id_71cb68375,1
id_71cc046c4,1
id_71cd11b76,0
id_71d4ace45,0
id_71d699732,0
id_71d69a2c4,0
id_71d96d5fd,0
id_71db3b683,0
id_71e4d4523,1
id_71e5fc9f3,1
id_71e78e085,0
id_71e834318,0
id_71e96e150,1
id_71eaf7410,0
id_71f4fa8d7,1
id_71f8a31a4,1
id_71fb854a9,1
id_71fd2dbc8,0
id_71fe44138,1
id_71ff53dde,1
id_71ff9b72a,1
id_720009f0e,0
id_720160e99,1
id_7202e0573,1
id_720e57e70,0
id_720f16708,1
id_721b06f6a,0
id_721be5308,1
id_72233e11f,1
id_72243edbf,1
id_7228edc87,1
id_72304fc78,1
id_72460c6a4,0
id_724a76e14,0
id_724b8a870,1
id_724bf5bef,1
id_725218d6b,1
id_725bc5c41,1
id_7262dac9b,1
id_72635400e,1
id_72655f863,1
id_726b1661f,1
id_7274d94a8,1
id_7278dd179,0
id_727ac261c,1
id_727ad6500,0
id_727b72218,1
id_728a4bc77,0
id_728a9e97d,1
id_728f183e6,1
id_728fcbbbd,1
id_7292e4cae,0
id_72934a078,1
id_729a0e3ed,1
id_729b2fbf8,0
id_72a028c22,1
id_72a93067b,1
id_72a9698dd,1
id_72ac0000d,0
id_72acc737c,1
id_72b124a0f,1
id_72bf95793,0
id_72c4c712b,1
id_72c4d05d9,1
id_72c9fccbc,1
id_72cc116d1,1
id_72cf6dc50,0
id_72d931bde,1
id_72dabbc5e,1
id_72dbaa8ea,0
id_72dd8b26b,0
id_72de97d15,0
id_72df0cc39,0
id_72dff2c48,0
id_72e165841,0
id_72e249ba9,1
id_72e2ebe36,1
id_72e59f0b6,1
id_72e7293b3,0
id_72edfd082,0
id_72f3714f8,0
id_72f4d0306,1
id_72f71b726,1
id_72f939a4a,1
id_72fecb8e0,1
id_72ffc90a8,1
id_73001a7c5,0
id_7300ed352,1
id_7302b962d,1
id_7302d53bf,0
id_730ee000a,0
id_731264943,0
id_731278f09,0
id_73127d6b1,1
id_73159442b,0
id_7318842e0,0
id_731f67484,0
id_7320fa3ca,1
id_7329a9b6f,0
id_732c419b8,1
id_732fc7069,1
id_733652e26,1
id_733793f44,0
id_733b8a88c,1
id_733cc6c87,1
id_7343d256d,0
id_7344aa1b2,1
id_734855597,1
id_734c53dc4,1
id_734ead1e2,0
id_735b720a7,0
id_735be4919,1
id_735d53355,1
id_7364053b8,0
id_736450633,0
id_736554996,1
id_7368c2d63,0
id_73690d660,0
id_7369d9f2b,0
id_7375addb2,1
id_7376a4e6f,1
id_7379071a5,0
id_737b08887,0
id_7380fc807,1
id_738314915,1
id_73887a872,1
id_738aeabd0,1
id_738e1624e,1
id_738f17ac8,1
id_7392392a8,0
id_7398fbb39,0
id_739b43f93,0
id_739be004f,1
id_739e49483,1
id_739eadc9a,1
id_73a1523b6,1
id_73a602438,1
id_73a8ffd4c,0
id_73aae30dc,0
id_73ad5cd73,1
id_73b0d83e1,1
id_73b0eb215,0
id_73bb4f332,0
id_73bea67b6,1
id_73beb06b3,1
id_73c574d0e,1
id_73c95a666,1
id_73d25209b,0
id_73d27e1f2,1
id_73d590818,1
id_73deada38,1
id_73e08e575,1
id_73e0c8415,1
id_73e0e248c,1
id_73e18072f,1
id_73e1884e8,0
id_73e31bbe9,1
id_73e3dd3c5,1
id_73e5ac465,1
id_73ec7a991,1
id_73ee7f85b,1
id_73f458bc4,1
id_73f5b5b99,0
id_73f6d0db0,1
id_73f78bc08,1
id_73f84893c,1
id_73f951392,1
id_73fbedc96,1
id_73fcc20fe,1
id_73feece11,1
id_74044294a,1
id_7404e98d9,1
id_74089c62e,1
id_7410ec431,1
id_741209f78,1
id_7412522ec,0
id_741ab6708,1
id_74235fa72,0
id_74247ef3a,0
id_7425292f7,1
id_7427946c8,0
id_742cbb77f,1
id_7437ab6fb,0
id_743891eb4,0
id_743c559e6,1
id_743d30a9e,1
id_743f167a5,1
id_7440aad4d,0
id_744e4eda2,1
id_745263a2c,1
id_74529b0f9,1
id_7456355fd,1
id_7457141fa,0
id_745c02cd3,0
id_746546674,0
id_7465d20f1,1
id_746ade996,1
id_746d1b747,0
id_747152500,0
id_747274e19,1
id_7475da1d8,1
id_747a996ae,1
id_747bf7405,1
id_7481eb652,1
id_74823f762,1
id_748754172,0
id_748aeef55,1
id_7496b733f,1
id_74999407e,1
id_74a7f0fa0,1
id_74aa29b46,1
id_74aea635b,1
id_74aeb609d,1
id_74b187179,1
id_74bb29238,1
id_74bba3ec6,1
id_74bede6cb,1
id_74c175184,1
id_74c29e6b0,0
id_74c5e6812,0
id_74c7229a9,0
id_74cd69e12,1
id_74d22913d,1
id_74d31e980,1
id_74dd6bc38,0
id_74e0550b5,0
id_74e166028,0
id_74e694da7,1
id_74e7fb291,1
id_74ecccd2e,1
id_74efb086e,1
id_74f5b9a80,1
id_74f89ea9f,1
id_74f9e7274,1
id_74faa9475,0
id_74fe3ebd3,1
id_750628940,1
id_750a5a6d9,0
id_750db99c2,0
id_750ff910a,1
id_75113f602,0
id_751226f19,0
id_7513dc9ba,0
id_751869a6e,0
id_7519c476c,1
id_752443173,1
id_7524965a9,1
id_752eb82da,1
id_7530c5b84,1
id_75349630f,1
id_753ae0b16,1
id_753cf44bf,1
id_753f48dea,1
id_753fa9a40,1
id_754b16792,0
id_754e97567,0
id_7554c6b6c,1
id_755567748,0
id_75576eea7,1
id_755879389,1
id_755b68757,1
id_7563c3a0d,0
id_75696bfbc,0
id_756a727ee,0
id_756c0a294,1
id_756c69e63,1
id_756e8d6af,1
id_756fe995a,0
id_7572d404e,0
id_75772b0d0,1
id_757c08298,0
id_757d46a40,1
id_75803a829,0
id_758648aa7,0
id_7587ffa1b,0
id_758dda54e,1
id_758f330d8,0
id_758fd9931,0
id_759507cc8,1
id_759780c37,0
id_759b936a3,0
id_759dc6899,1
id_75a021ece,1
id_75a069056,0
id_75a292e7e,1
id_75a2aa29d,1
id_75aa0dd35,0
id_75aaa3b3c,1
id_75aba6f37,1
id_75ace4055,0
id_75addd5dd,1
id_75aeb2b6c,1
id_75b28da4a,1
id_75b2bc14d,1
id_75c32c052,1
id_75ca38156,1
id_75d672879,1
id_75d86ce47,1
id_75dad509e,1
id_75ddbf7f8,1
id_75eb4280d,1
id_75eb59438,1
id_75f3669fa,1
id_75f3ca8a1,1
id_75f6ac635,1
id_75f90c148,1
id_75fd1d97f,1
id_76001319e,1
id_76038b624,1
id_76097f6ca,1
id_760ac6cc0,0
id_76101f2ed,1
id_7611b9b56,0
id_76216fc80,1
id_7622bff2f,0
id_7624f5a72,0
id_762693e89,0
id_763297650,1
id_7635d5905,1
id_7637e8369,0
id_763b52f80,0
id_763db85cf,1
id_76439cd44,1
id_7645116d3,0
id_764533390,0
id_764f74861,1
id_764fc2ad3,1
id_76528abab,1
id_7653096b6,0
id_76572cc32,1
id_765d99543,1
id_765f41530,1
id_76609d43f,1
id_76652cad2,1
id_7681a179f,1
id_7690e70df,0
id_7691954b5,1
id_769351bd9,1
id_7697f3db6,0
id_769a5363f,1
id_769af2ab5,0
id_769f6ebb6,1
id_76a0594d1,0
id_76a646a72,0
id_76a68bb81,0
id_76ae90af9,1
id_76b344cc4,0
id_76b884b07,1
id_76baa12a7,1
id_76bb46b9e,1
id_76bfdf756,0
id_76c066eef,1
id_76c40592c,1
id_76c4a6e99,1
id_76c54a881,1
id_76c6f7554,0
id_76ceb9794,1
id_76d65e9d5,1
id_76d7688dc,0
id_76dbe9c78,1
id_76edde862,1
id_76f4106dc,1
id_76f72f61e,0
id_77003ae6c,0
id_7708a6160,0
id_770b279e8,1
id_770c858e7,1
id_7712df19a,1
id_77138e8eb,1
id_7714e0421,0
id_77173ccaf,0
id_7718165ac,0
id_771a95586,1
id_771c14dfe,1
id_7721df6d1,1
id_7724a8f8e,1
id_7724e09b2,1
id_7727789ae,1
id_77281c89c,1
id_772d0245c,0
id_772e4027d,1
id_772e84d5c,0
id_7732b6963,0
id_773dc715b,1
id_774710e48,0
id_7748b0cf5,0
id_774a54601,1
id_775a7b989,0
id_77613f097,0
id_776256422,1
id_77640b8c2,1
id_77647b41e,1
id_7769623d5,1
id_77697a8c8,1
id_776ade933,1
id_776d98e0b,1
id_776f19299,1
id_776f1cfdf,1
id_777291b29,0
id_777d72d13,1
id_7781ed5f3,0
id_778503b48,1
id_778569dc9,1
id_7785b27aa,0
id_77864085b,0
id_77881c217,0
id_778aece9e,0
id_7796ac798,1
id_77a438d53,0
id_77a6db113,0
id_77a768456,0
id_77a8d8df8,1
id_77aa2ad11,0
id_77ac529f8,1
id_77b23e704,0
id_77b670365,0
id_77b89a323,1
id_77ba2738b,1
id_77bc33812,1
id_77bc9fe01,0
id_77c086ba8,0
id_77c61ebbc,0
id_77c7e5e3b,1
id_77cda7489,1
id_77d223b74,1
id_77d2d105b,0
id_77d36362c,1
id_77d68af23,1
id_77d7eb96d,1
id_77d9fa4b3,1
id_77e0ba95d,1
id_77e1e9abd,0
id_77e5fea39,1
id_77e918f62,1
id_77ebce84a,1
id_77f0385b4,1
id_77f2a9531,1
id_77f391d5e,1
id_77f65f11b,0
id_77fbf6c24,1
id_77fd7fbf8,0
id_77fdb0999,0
id_78010794d,1
id_7801b679a,1
id_780a3e969,0
id_7811e1b78,1
id_7814f9072,1
id_781a44fac,1
id_781e18bc4,1
id_781e31540,0
id_781f31bdc,1
id_781f91ebf,1
id_7821e9161,0
id_7823f2704,1
id_782672a68,1
id_7827336d4,0
id_78280a3b3,0
id_7828f449b,0
id_782fc9ef0,0
id_78379f95b,0
id_783b29f72,1
id_78425fdfd,1
id_78452829d,0
id_78496322f,0
id_784be1581,0
id_784c85600,1
id_784fb3b8a,0
id_785062529,1
id_78519572b,0
id_7854fbb90,1
id_785602d81,0
id_785746008,1
id_7858a52c6,0
id_7858d425c,1
id_785e5dc99,0
id_78609bf3c,0
id_78626f3e4,0
id_7862c7b11,1
id_7864aef77,1
id_7866bf02b,1
id_786890671,1
id_786d26ada,1
id_78750bbd7,0
id_788870a54,1
id_7889960a2,1
id_788b646f9,1
id_788fae2b2,1
id_789151476,1
id_78917524f,1
id_789462b6d,1
id_78996100a,1
id_789ad399f,1
id_789bb65cb,0
id_789cff1af,0
id_789fe9aa0,1
id_78a046ca9,1
id_78a29aeed,0
id_78a72054c,0
id_78ad63dbe,1
id_78af9c58b,0
id_78b3ca126,1
id_78c7cb920,0
id_78c832e05,1
id_78cb515b4,1
id_78cf114d5,0
id_78d0edbf3,1
id_78d10a1a8,0
id_78d7dbbf9,1
id_78d7f2513,0
id_78db7535f,0
id_78dc29c07,0
id_78dc35308,1
id_78df4cf46,0
id_78e0b51be,1
id_78ef8f9cf,0
id_78f29a995,1
id_78f30f8d5,1
id_78f49e6d1,1
id_78fd68492,1
id_78fd8de92,1
id_78ff55540,0
id_790124c8a,0
id_790431f06,1
id_79051c366,0
id_79060325c,1
id_7906c7b5d,1
id_79098702d,0
id_790b2f187,1
id_7911e8c9e,1
id_7912d5cd6,1
id_7921e378c,1
id_7922081bd,1
id_79261a41e,1
id_792648b4d,0
id_7927ed2f2,1
id_7929fea25,1
id_792acad23,1
id_792e61d4b,1
id_79323c599,1
id_79327485d,0
id_7937900b3,0
id_79385ea64,1
id_793a566fa,1
id_793d19000,1
id_793eadd26,1
id_7944aee31,0
id_7946c2b04,1
id_794b7bb00,1
id_795667cbb,0
id_795bdb9a3,1
id_795eda89c,0
id_796470bd7,1
id_796b6442e,1
id_796e2fe99,1
id_796fff90e,1
id_797046e38,0
id_797f9be6e,1
id_79870ac4a,1
id_798b913bd,1
id_798b9aece,1
id_7990f8154,1
id_799786100,1
id_79979d790,1
id_799b2668d,1
id_799cc572a,1
id_799dda286,1
id_79a10ca9d,1
id_79a17a86c,1
id_79aa4b552,1
id_79ac76b8a,1
id_79b3cf0cf,0
id_79b58837f,1
id_79b8f7ab6,1
id_79bab328a,1
id_79bea6997,0
id_79bf0ace5,1
id_79c0b9218,1
id_79c2c5e50,1
id_79c6c4e83,1
id_79c775ed0,1
id_79cad10ed,0
id_79cbedfec,0
id_79d5d9c49,1
id_79d5e2659,0
id_79d6343d1,1
id_79e07d2d5,1
id_79e8c944b,1
id_79e95941d,1
id_79f0ba132,1
id_79f255216,1
id_79f47814d,0
id_79f5340af,1
id_79f5f4f45,1
id_79f66bdc2,0
id_79f72ca64,1
id_79f8ddf4a,0
id_79fd558fb,0
id_79ffe0ec3,0
id_7a050e4de,0
id_7a0e3571f,0
id_7a15dfe05,0
id_7a16ce755,1
id_7a1b8df3a,1
id_7a20b4e5c,1
id_7a224eddc,1
id_7a2726390,0
id_7a28d7767,0
id_7a29018ac,1
id_7a30dba85,1
id_7a376e68c,1
id_7a38154eb,1
id_7a3bad04c,0
id_7a3d60527,0
id_7a3f71bf6,1
id_7a407d0b6,0
id_7a40e8be6,1
id_7a413b7db,1
id_7a42c445b,0
id_7a45336ea,1
id_7a4df3f9e,1
id_7a507714f,1
id_7a53ca0fa,0
id_7a5d87838,1
id_7a631c755,1
id_7a638eb5d,1
id_7a64f4b6c,1
id_7a66f8c06,0
id_7a684d0a7,1
id_7a6917a7a,1
id_7a6cb24e5,1
id_7a6cf6a49,1
id_7a70665a5,1
id_7a713a266,0
id_7a7429f68,1
id_7a7f2f191,0
id_7a8008008,1
id_7a8bb9879,0
id_7a91f1a07,0
id_7a9224cf6,1
id_7a92919a9,1
id_7a943ccfe,0
id_7a974b075,0
id_7a9b8193c,1
id_7a9cb3557,1
id_7aa209999,0
id_7aa2a2cac,1
id_7aa6334fd,0
id_7aa6d72e8,1
id_7aa92a36e,0
id_7aa94c870,1
id_7aa963db4,1
id_7ab735f02,1
id_7ab9d290d,1
id_7ac774676,1
id_7ac8140fb,1
id_7ac8e57d8,0
id_7ac97b186,1
id_7acb01fd5,1
id_7acbd4492,1
id_7acf4f031,0
id_7ad763789,1
id_7ad91b613,0
id_7adf0fc70,1
id_7ae1decfd,0
id_7ae39b1ed,1
id_7ae9581f7,1
id_7aee82382,0
id_7af096b21,0
id_7af15ec81,0
id_7af36ae31,1
id_7af428e76,1
id_7af6543b7,1
id_7afb431b8,0
id_7afd53736,1
id_7afe2b4f9,1
id_7aff1deab,0
id_7b03e2bdb,1
id_7b0beccad,1
id_7b14aae9d,0
id_7b196b4b0,0
id_7b1c2e874,0
id_7b1f49bfc,1
id_7b2022bbf,0
id_7b203e85a,1
id_7b20fa5ab,0
id_7b23b9a14,1
id_7b245b807,1
id_7b281c2af,1
id_7b2e474ce,0
id_7b2f5caa8,1
id_7b31d4cf3,0
id_7b323573a,0
id_7b356de14,1
id_7b3923a08,1
id_7b39ee00f,1
id_7b4e48a98,0
id_7b4ed15c0,1
id_7b4f381fc,1
id_7b4f93bbe,1
id_7b5190a65,1
id_7b5236def,0
id_7b5342c7a,0
id_7b5b5639e,1
id_7b5b89131,0
id_7b5baf4dc,0
id_7b5c7209d,1
id_7b5dd0d26,0
id_7b61f2c05,0
id_7b699a6ea,1
id_7b6f0b73f,1
id_7b7273825,1
id_7b77e7ef0,1
id_7b79b2b52,0
id_7b7a1037e,1
id_7b7a97f59,1
id_7b7d7d80d,0
id_7b7fabaef,1
id_7b815e086,0
id_7b88b0d83,0
id_7b8ae5c89,0
id_7b8f12a0b,1
id_7b9298460,1
id_7b9660b4c,0
id_7b9eb7b7f,1
id_7b9fa822f,0
id_7ba1cc5c6,1
id_7ba7530dc,1
id_7baae3732,1
id_7baaf406f,1
id_7baeba936,0
id_7bb00cacd,1
id_7bb65b8d3,1
id_7bb812467,1
id_7bbdad78a,0
id_7bbe07de5,1
id_7bc342835,1
id_7bc4c65a3,0
id_7bc508ebe,1
id_7bc7e6e79,1
id_7bc8e303e,1
id_7bc911c57,0
id_7bcf48162,0
id_7bd25c8e6,1
id_7bd3aff4c,1
id_7bda294f5,1
id_7bde69947,1
id_7bdfd9cf7,1
id_7be8eb560,0
id_7be9f5a36,1
id_7bed473cf,1
id_7bf0a1229,1
id_7bf1d1e49,0
id_7bf4cfc74,0
id_7bf79db91,1
id_7bfd9ad4b,0
id_7c0187062,1
id_7c0483584,0
id_7c0eb5ff4,1
id_7c0f18587,1
id_7c0f3084d,1
id_7c15f8876,0
id_7c17355ac,0
id_7c18acc02,0
id_7c25ad45e,0
id_7c26c2051,0
id_7c2a4f829,0
id_7c3334e26,1
id_7c3457992,1
id_7c39b540e,0
id_7c3b653b4,0
id_7c3bd10a2,1
id_7c41eefda,1
id_7c480779e,1
id_7c4b5328e,1
id_7c4c3c4f2,1
id_7c4d8c1f1,0
id_7c524f1d0,0
id_7c548e5a7,0
id_7c5664b23,0
id_7c57b42b3,1
id_7c58a4121,0
id_7c5c0ce7a,0
id_7c5e6c233,0
id_7c659e732,1
id_7c67d68a2,1
id_7c6b9b649,0
id_7c6dc3c20,0
id_7c70bfb84,1
id_7c7211b3a,0
id_7c7451da4,1
id_7c76fe082,1
id_7c77691bf,0
id_7c7982c98,1
id_7c7d91538,0
id_7c7da6b44,1
id_7c800f2fe,0
id_7c879f357,1
id_7c887f65f,0
id_7c891d9f3,1
id_7c905a252,0
id_7c922faa8,0
id_7c9bc7ea5,1
id_7c9c780fa,0
id_7c9cf61fc,1
id_7ca6cc51a,1
id_7ca97b684,0
id_7ca9ab8c0,1
id_7cab6340d,1
id_7cb0b3f88,1
id_7cb20827c,1
id_7cb67506b,0
id_7cb71ffe1,1
id_7cb7b0706,1
id_7cbc7ede6,1
id_7cbff0ab6,0
id_7cc47a3ec,0
id_7cc5b0bfb,1
id_7cc8f7dca,1
id_7cd2e9e27,1
id_7cd440328,1
id_7cd82d2fb,1
id_7cd8ff720,1
id_7ce65c064,1
id_7ce7c0987,1
id_7cee1c55f,1
id_7cee2867c,0
id_7cf126cb3,0
id_7cf96f489,1
id_7cfdbeb4e,0
id_7d018627d,1
id_7d035fe77,1
id_7d045519a,0
id_7d0732cba,1
id_7d0c17548,0
id_7d0db8f6f,1
id_7d0e21fb9,0
id_7d11aa188,0
id_7d12b804e,1
id_7d221fe9f,1
id_7d2527eab,1
id_7d2751fd7,0
id_7d28cc528,1
id_7d2ab9c7b,1
id_7d317c1a3,1
id_7d336cbdd,1
id_7d3609227,1
id_7d40f357a,1
id_7d412bbe2,0
id_7d45bf98d,0
id_7d49eeafd,1
id_7d4c5ad31,0
id_7d4d664ef,1
id_7d575dba5,0
id_7d5cf5d0f,1
id_7d5d8c40b,0
id_7d6cfc9d2,1
id_7d72b1244,0
id_7d75008ae,0
id_7d7539a95,1
id_7d764993b,1
id_7d7c8519e,0
id_7d8801f46,1
id_7d8918efa,1
id_7d89eee85,1
id_7d8a3071c,1
id_7d9074a85,1
id_7d9509128,0
id_7d95a9d9b,1
id_7d9ac0f8a,1
id_7da3130ba,1
id_7da44f721,0
id_7da49419a,0
id_7da8d89ef,1
id_7dab86f42,1
id_7db007d7b,1
id_7db049dd4,0
id_7db0fcce9,0
id_7db18bc5c,1
id_7db2af77a,1
id_7db656121,0
id_7dbc6a676,1
id_7dbd54333,1
id_7dbf65a70,0
id_7dc39b5da,0
id_7dc7ae1d2,0
id_7dd1f18e5,1
id_7dd42a4b6,0
id_7de213be9,1
id_7de6a2400,0
id_7dea1ef0d,1
id_7df91e5b7,1
id_7df926d6e,1
id_7dfb25611,1
id_7dfcf47aa,1
id_7dfee8443,1
id_7e003b8a2,0
id_7e05288dc,1
id_7e10d29ca,1
id_7e12cf85f,1
id_7e12f26ce,1
id_7e134dacc,1
id_7e1452a0f,0
id_7e149a978,1
id_7e1b34100,0
id_7e234b816,1
id_7e27f6b23,0
id_7e2e0536a,1
id_7e33fbb62,0
id_7e35286e2,1
id_7e371f223,0
id_7e3d02130,1
id_7e4d8adab,0
id_7e5730977,1
id_7e5b99487,1
id_7e5cc59a6,1
id_7e60f98e9,1
id_7e7044fb7,1
id_7e720b847,1
id_7e7341ad1,0
id_7e742358b,1
id_7e760ccf3,1
id_7e765c11c,1
id_7e78bd7db,1
id_7e79f5306,1
id_7e7a00535,1
id_7e7c223b0,0
id_7e7deae5e,0
id_7e83fff98,1
id_7e91755d2,1
id_7e91aee67,0
id_7e96e836e,1
id_7e9766d27,0
id_7e9ea60a1,1
id_7ea0b6343,0
id_7ea28f710,0
id_7eaaace68,1
id_7eb045f9c,0
id_7eb0a8233,0
id_7eb4f1cae,1
id_7eb546ac8,1
id_7eb95955b,1
id_7ec7a1aca,1
id_7ecc2e252,0
id_7ed206d8e,0
id_7ed31fbc9,0
id_7edbef940,1
id_7ee155b8f,1
id_7ee962c46,1
id_7eeccf6eb,0
id_7eecf8eae,1
id_7eed6d049,1
id_7ef016bb6,0
id_7ef0514cc,0
id_7ef2aa39a,0
id_7ef38a5e0,1
id_7ef52764d,0
id_7efbdecfd,0
id_7f036854b,0
id_7f0411fb1,1
id_7f044d900,1
id_7f04ee651,1
id_7f0506f58,0
id_7f086cdef,1
id_7f08b93cd,1
id_7f0a71c7e,1
id_7f0c8c51b,1
id_7f142fee6,1
id_7f14f57a9,1
id_7f15292e8,1
id_7f16a41e0,1
id_7f17be3a2,1
id_7f1aea2f5,0
id_7f2356d51,1
id_7f2563bcb,0
id_7f2717876,1
id_7f2bb5c5f,0
id_7f310b72e,1
id_7f324f2f5,1
id_7f328ed46,1
id_7f3297a84,0
id_7f33c88b8,0
id_7f37e1a32,0
id_7f3ffbfbb,1
id_7f404a434,1
id_7f44c413b,0
id_7f4a08c3d,1
id_7f53f43a2,0
id_7f5929eb8,1
id_7f6d75796,1
id_7f73979f0,1
id_7f73da54d,1
id_7f83bbec3,1
id_7f89b7cc5,0
id_7f8df6273,1
id_7f9301564,1
id_7f943e0f5,0
id_7f9514cf1,0
id_7f9590a64,1
id_7f95d984b,1
id_7f9a2bad7,1
id_7f9ef48e1,1
id_7fa0eac41,1
id_7fab12a6c,1
id_7facf11b2,1
id_7fad3e907,1
id_7faf08bd0,1
id_7fafd4e6c,0
id_7fb10357e,1
id_7fb37c48f,0
id_7fb38cf95,1
id_7fb61eaf4,1
id_7fb8dddfe,0
id_7fb96abe8,0
id_7fbe43445,1
id_7fc3ac4e0,0
id_7fc4709d1,1
id_7fd37ca92,1
id_7fd77c8b3,1
id_7fd8abd1a,1
id_7fd8c5250,1
id_7fda70879,0
id_7fda87a24,1
id_7fdaa9401,0
id_7fdb10d34,1
id_7fdf3ce8d,0
id_7fe224f17,0
id_7fe43f146,1
id_7fe6e9806,0
id_7fe762d5c,1
id_7feb608c2,0
id_7fec022db,0
id_7ff416ab0,1
id_8039c4892,1
id_806970f75,1
id_80a38462f,0
id_80e35fb35,1
id_80f1b54ac,1
id_8130077b0,1
id_819142479,1
id_820df9f0a,0
id_82c55abf8,0
id_830f18075,0
id_834af9557,1
id_83813790a,1
id_8384019d4,0
id_83c19d68a,1
id_83d34a9ea,1
id_83d625ca9,1
id_83e908362,1
id_8418debe9,0
id_84519ca6a,1
id_849ba9f25,1
id_84dd9945e,0
id_8506aa12c,0
id_854559820,0
id_854ccf70f,0
id_855700d4e,1
id_855ffeda4,0
id_85843663c,0
id_85ab31475,1
id_860bee49e,1
id_8643cf06b,1
id_86df55b4e,1
id_873135473,0
id_875a162cb,0
id_87a57f80e,1
id_87fab3dfd,0
id_8800f11ac,1
id_8911239dc,1
id_89c4207aa,1
id_89ea61e08,1
id_89ef1b82a,1
id_8a7eb6e9e,1
id_8a8ac6ad2,1
id_8ac55c3a1,0
id_8ae13bc02,1
id_8aeef4646,0
id_8b600e94c,0
id_8b7145562,0
id_8bf0e7c9c,1
id_8bf5194d1,1
id_8bf6dff1e,1
id_8c543e011,1
id_8c83138b1,1
id_8c836b2b4,1
id_8d0047bf2,1
id_8d7617ddd,1
id_8de5f5dec,0
id_8dfcc9768,1
id_8e361bfcc,1
id_8e8d0e485,0
id_8e9562c66,0
id_8ec9c3a7c,1
id_8efbe9f8f,0
id_8f040fd55,1
id_8f60ece92,1
id_8f71940ac,1
id_8ff5fe2df,1
id_9067f9bfd,0
id_90b5ba96c,1
id_91f3bd6ec,1
id_9253cef1d,1
id_92b872ece,1
id_933606bae,0
id_933f810ee,1
id_93676bf31,1
id_937c2ad17,1
id_938002f1b,1
id_9381687e5,1
id_93c32a2b6,1
id_93ee9f243,1
id_9419986cf,0
id_945771220,1
id_94a0aaea0,1
id_94b988282,1
id_95175f1a3,1
id_9599d19f4,0
id_962d8a49e,1
id_96bcde796,1
id_96e9142f6,1
id_970276eaf,0
id_972c1ad53,0
id_972ff317a,0
id_97389b56e,0
id_97b2e6331,0
id_987a5ceb8,1
id_98b12b857,0
id_992d4e533,0
id_99b7d2f4d,0
id_9a4ee355a,1
id_9a7631488,0
id_9b098e146,0
id_9bb7e493c,1
id_9bd5f678d,0
id_9bdf26123,1
id_9bf032c60,1
id_9c03bdee9,1
id_9c3a8f3ce,1
id_9c46cbd53,0
id_9c913a0a4,1
id_9e418e2e3,1
id_9e5989694,1
id_9eb598ccb,0
id_9f031d4af,1
id_9f1fe61d4,1
id_9f44a1020,1
id_9f44a9b47,1
id_9f4d28a88,1
id_9f6a0f4dd,1
id_9f8391551,1
id_9fa2f00ee,1
id_9fc2c17d5,1
id_9ff1c31de,0
id_a00e23e96,1
id_a08ad7306,1
id_a09b4d1a2,1
id_a0d41db45,1
id_a0fa47ae9,1
id_a10bcd902,1
id_a1380408d,1
id_a13b8bc50,1
id_a13de0d82,0
id_a14668753,0
id_a17b6cf12,0
id_a2401e30d,1
id_a2c01cd48,1
id_a302bc746,1
id_a326f21b2,1
id_a328decf9,0
id_a32ddbaf7,0
id_a33d581ee,0
id_a35470440,0
id_a35d6afde,0
id_a38b1122e,1
id_a3f4106cc,1
id_a43680658,0
id_a47f5cc4a,0
id_a482954a8,1
id_a49a7896d,1
id_a5204e38c,0
id_a52f2ee16,1
id_a53c7219d,1
id_a5569e8b0,1
id_a574d0ea4,1
id_a581b4770,1
id_a5a3087fd,1
id_a5b0af288,1
id_a5c65e07b,0
id_a612bdf1f,1
id_a61a63a9f,0
id_a63854188,0
id_a644fb52c,0
id_a64c928f3,0
id_a6848cd68,1
id_a6c55973a,0
id_a6cec66e7,1
id_a6d19a966,1
id_a6d74d109,0
id_a6f004caa,1
id_a6f9a0b05,0
id_a70feb823,1
id_a7350c083,1
id_a7c09d8a3,1
id_a846cdf8c,0
id_a85a8447f,1
id_a8fa4cb1d,0
id_aa43c2e89,0
id_aa4b08068,1
id_aa5003cc9,1
id_aa621c9ab,1
id_aa9b7b25a,0
id_aad5e96cd,1
id_aae7809bb,1
id_ab02d6110,0
id_ab07464d8,0
id_ab0cb8a79,1
id_ab30ede20,1
id_ab342ee7a,0
id_ab34466af,1
id_abfbf64bd,0
id_ac0613f50,1
id_ac3b282cc,1
id_ace1056fc,0
id_ad818970e,0
id_ad8966621,1
id_ade5a3322,1
id_ae75b2230,0
id_ae8d21d36,0
id_aeb299b8f,1
id_af0ab3f2d,0
id_af3271fb1,1
id_af3a7efa4,1
id_af6912a56,1
id_afac5e6cc,1
id_afcd8fef1,0
id_b027513b9,0
id_b02c3b80a,0
id_b07c92412,0
id_b1365ebdf,1
id_b159a79db,0
id_b1858c706,1
id_b23f18481,1
id_b245f3a67,0
id_b294d3a22,0
id_b3068dd9d,0
id_b36b2ea67,1
id_b37d13b6e,0
id_b38630a8a,1
id_b39079331,0
id_b3eb12af6,0
id_b3fe4d620,1
id_b43fbc7b6,0
id_b4735a987,1
id_b49e8eb46,1
id_b4ddfc3fc,0
id_b4f31e191,1
id_b543ec234,0
id_b54509c33,1
id_b588c04ce,0
id_b59335165,1
id_b66b25c56,1
id_b6cef035c,1
id_b6ff4b1ce,1
id_b75cc2c07,1
id_b767f689b,0
id_b7e7b7c4a,1
id_b80fe2a91,1
id_b84888c47,1
id_b862b4f95,0
id_b8757402b,0
id_b881431ba,1
id_b882e614c,1
id_b8b2b2b24,1
id_b8b7b4449,1
id_b8fdda444,0
id_b914c7d3c,0
id_b92016648,0
id_b95dadcd2,0
id_b9c44e97f,1
id_ba04c4b37,1
id_ba4f114a0,1
id_ba6a7dbcb,1
id_baa46fc52,1
id_bb0d03156,1
id_bb32e62cd,1
id_bb3a17c6c,0
id_bb3bd5fa5,0
id_bbb89c796,1
id_bc5bd2907,1
id_bc740c04c,0
id_bc8d6b3e6,0
id_bc96ad384,1
id_bcb770b64,1
id_bcba2a96c,1
id_bd45f3485,1
id_bd775b70c,1
id_bdef7fd48,1
id_be5466dca,0
id_be8e2d564,1
id_bec79309a,0
id_bed8b74d9,0
id_beeffe612,1
id_bf1341c7c,0
id_bfe28e043,1
id_bfff8358d,1
id_c021c230b,1
id_c03b157de,1
id_c0422495e,1
id_c045c7695,1
id_c04bf6f0b,0
id_c08efcd97,1
id_c0d739d40,1
id_c12f1cbf9,1
id_c159f1dc5,1
id_c1b8a3545,0
id_c212b67ce,1
id_c214282e8,0
id_c21fe80f5,0
id_c2c71ab12,1
id_c2e5fe2c5,0
id_c36f8af58,1
id_c39d968e5,1
id_c457eea7a,0
id_c49a91420,0
id_c5643eb73,1
id_c591ba7e3,0
id_c5b787a71,0
id_c5b7d1d23,0
id_c5d0df6f1,1
id_c61fa64cf,1
id_c62f4906d,0
id_c680ccbc1,1
id_c6966c462,0
id_c6a3711af,1
id_c6bb55c3a,1
id_c724d0ac0,0
id_c72cebfc8,1
id_c73032ecf,1
id_c78ebdf1f,1
id_c7928e0b8,1
id_c7bdcc7e9,1
id_c7ca60d59,0
id_c82d6264d,1
id_c848dd77f,1
id_c8847826a,1
id_c8b41066f,0
id_c90ca53f3,0
id_c958aa8e0,1
id_c975ac710,1
id_c9ebe970b,0
id_ca49732b7,1
id_ca4ac6f7a,1
id_ca702a436,1
id_ca8ea428b,1
id_cac757f79,1
id_cb0f89481,1
id_cb2a81d0c,1
id_cb43ab4c1,0
id_cb8fb4b2f,1
id_cbc2bec5a,1
id_cbcd2ea8d,1
id_cc49f4fd5,1
id_cc8f89f0e,0
id_ccae87595,1
id_ccf24b5de,1
id_cd316ffde,0
id_cd3427214,1
id_cd4715536,1
id_cd605279d,1
id_cdd27550e,1
id_cddaf4647,0
id_cde777735,1
id_ce0d6356a,1
id_ce1a82dab,0
id_ce60322a1,1
id_ce7ba7d26,1
id_ce8ba0744,1
id_cf03f862c,1
id_cf429846d,1
id_cf4470d0a,0
id_cf46e5518,0
id_cfa360f85,0
id_cfeb4e4cb,0
id_d15cf3602,1
id_d17b6405d,0
id_d1907be1e,0
id_d284762d8,1
id_d2cd8c079,0
id_d2e36da87,0
id_d31b621c3,0
id_d32c5ec34,1
id_d3e9dc580,0
id_d413be2ee,1
id_d440a1cdd,1
id_d4936db03,1
id_d4947f46e,0
id_d4b5ecc61,0
id_d51ebcd4d,1
id_d54db770a,0
id_d5d289d2d,1
id_d5f79cb31,1
id_d6134e4ba,1
id_d68567a4f,1
id_d6b07e3bb,0
id_d6baeca5c,0
id_d6c21bfa9,1
id_d6ddec931,0
id_d6f53a896,0
id_d74a4ff0b,1
id_d764c74ac,1
id_d7ad006ed,1
id_d7b0947ef,1
id_d7bb56e73,1
id_d80d32e5a,1
id_d84afef12,1
id_d85956718,0
id_d8fcac591,1
id_d904d1625,0
id_d95bf0650,1
id_d978aa916,1
id_d9824849b,1
id_d9b7ec3c1,1
id_d9fed10a4,0
id_da2ce922f,1
id_da300ab20,1
id_da68cf872,0
id_da78aa6c6,0
id_da9fe8cf4,1
id_dad7ec5f0,1
id_dafa117f1,1
id_db561b15d,0
id_db681523b,1
id_dba563585,0
id_dbca26b28,1
id_dbdbf97b2,0
id_dc5820b45,1
id_dc611b65f,0
id_dcce12795,1
id_dcef6eeac,1
id_dd71028ef,1
id_dda7a3972,1
id_ddb067ef2,1
id_ddb368b96,0
id_de7d9592e,0
id_de9367c6a,0
id_de99be7dc,1
id_df5bc5adc,0
id_df784b625,0
id_df800ba6b,1
id_dfbc035c2,1
id_dfc402aec,0
id_e06972e34,1
id_e0a3cd085,0
id_e0babb5d9,1
id_e0ea47950,0
id_e11b6704f,0
id_e15a6edf9,0
id_e1cad64fd,1
id_e1e3f6baf,1
id_e25a2ee40,1
id_e3102ae99,1
id_e346bf6aa,1
id_e35b03129,0
id_e36bd281a,1
id_e386c70e2,1
id_e3a8158f3,1
id_e3df8f2a5,1
id_e40cc5a6a,1
id_e44d6e056,0
id_e50369932,1
id_e508bea20,1
id_e5648bde6,1
id_e5b077fb7,1
id_e5d2a1772,1
id_e5d6ab11b,1
id_e5e91fc4c,1
id_e61c973c9,0
id_e628e6e1c,0
id_e683ab007,1
id_e68c9e4c7,1
id_e6f5a4c94,0
id_e74d562aa,1
id_e78474613,1
id_e810dc405,1
id_e823eedb3,1
id_e83b44b09,0
id_e85feb577,0
id_e8811175e,0
id_e8ca59886,1
id_e8e1f739c,1
id_e8fb84c3f,0
id_e9038e61a,1
id_e97b7abb7,1
id_ea3d65cf1,1
id_ea407600f,1
id_ea6d7fe95,1
id_ea7a742a5,1
id_eb1fc912b,1
id_eb50d5fe4,1
id_eb76f77e4,0
id_ebaee456c,1
id_ebd683727,1
id_ebfce0485,1
id_ec4d60f21,0
id_ec81f81f6,0
id_eca3981b3,1
id_ecf37702f,1
id_ecfa267b1,1
id_ed117a8d8,1
id_ee373f5ed,1
id_ee493b659,0
id_eecf2a1cb,1
id_ef128feec,0
id_ef19af712,1
id_ef8b80533,0
id_effaea84d,1
id_f00f358cb,1
id_f01e5c295,1
id_f01eef3df,0
id_f07624462,0
id_f0ebb9eef,1
id_f1050e4c7,1
id_f14106380,1
id_f16a768b3,1
id_f19554487,1
id_f1e9f5e88,1
id_f1f032d15,1
id_f22e95aac,1
id_f2a5189d0,0
id_f2a77bb0d,1
id_f2e3b47ec,0
id_f2e51ee76,1
id_f2f9ac18f,1
id_f33d991e8,1
id_f34d6eaf3,0
id_f3fb35c12,1
id_f48119e97,1
id_f49008abe,0
id_f4c34c14f,1
id_f5050d9ff,1
id_f54753327,0
id_f54e9c995,1
id_f61192121,1
id_f624ac641,1
id_f650dea76,1
id_f67737a49,1
id_f6cae5b0a,1
id_f6ec7252e,0
id_f782012d3,1
id_f78e0b795,0
id_f79c10a7c,1
id_f818631fb,0
id_f84ba1e26,0
id_f88bfd8fa,0
id_f89b1f8ce,0
id_f8d6bbbcc,1
id_f8ded912d,1
id_f911b45ef,0
id_f941c2cbd,1
id_f94808254,0
id_f95656fad,1
id_f97c4448b,1
id_f9ccdbc46,0
id_fa1251895,1
id_fa57e32b2,0
id_facfc2cd1,1
id_fb4b8e768,1
id_fb56f9a7c,0
id_fbbf24fe2,1
id_fc5afa782,0
id_fc7567189,0
id_fc997ac72,1
id_fcb94e8f6,1
id_fce4ee00b,0
id_fd4953785,0
id_fd51ccb2b,1
id_fd66b9483,1
id_fd699bf4e,0
id_fd6b94f89,0
id_fd8f3c9af,0
id_fe0210c76,1
id_fe071871c,1
id_fe1486293,0
id_fe5347d35,1
id_fecf3dbb7,0
id_ff26a6772,1
id_ff33e3ac1,1
id_ffc58d725,0
id_ffe082a9c,1
